{"0": [[0.0, 0.0], false, false, [1]], "1": [[1.0, 0.0], false, true, [0, 62, 7, 64]], "2": [[0.0, -2.0], false, true, [3, 5, 79]], "3": [[0.0, -3.0], false, false, [2]], "4": [[2.2209357648907355, 0.91570182366805219], false, true, [6, 12, 64]], "5": [[0.0, -0.71776086015417961], false, true, [2, 7, 62, 224]], "6": [[2.9504112155755342, 1.4628084116816518], false, true, [4, 8, 66, 67]], "7": [[0.0, 0.72919233414483231], false, true, [5, 9, 1]], "8": [[3.9952061057360644, 2.24640457930205], false, true, [6, 10, 71, 70]], "9": [[0.0, 1.7102609663204735], false, false, [7, 11, 12, 200]], "10": [[4.7647993034706673, 2.8235994776030031], false, true, [8, 88, 101]], "11": [[0.0, 2.9179017740858622], false, true, [9, 14, 83, 199]], "12": [[1.0908424991899559, 1.7102609663204735], false, true, [9, 4, 67]], "13": [[5.8759942377283449, 3.6569956782962625], false, true, [15, 101]], "14": [[0.0, 3.8378295269253915], false, true, [11, 83, 105]], "15": [[6.6759942377283448, 4.2569956782962635], false, true, [13, 17, 102]], "16": [[0.0, 5.3268397437948893], false, true, [18, 105, 108]], "17": [[7.4759942377283446, 4.856995678296264], false, true, [15, 19, 118]], "18": [[0.0, 6.3268397437948893], false, false, [16, 20, 21]], "19": [[8.2759942377283444, 5.4569956782962645], false, true, [17, 22, 107]], "20": [[0.0, 7.3268397437948893], false, true, [18, 23, 131]], "21": [[-1.0, 6.3268397437948893], false, true, [18, 24, 108]], "22": [[9.0759942377283434, 6.0569956782962651], false, true, [19, 25, 120]], "23": [[0.0, 8.3268397437948884], false, true, [20, 26, 121]], "24": [[-2.0, 6.3268397437948893], false, true, [21, 27, 119, 143]], "25": [[9.8759942377283423, 6.6569956782962656], false, true, [22, 28]], "26": [[0.0, 9.3268397437948884], false, false, [23, 29, 30]], "27": [[-3.0, 6.3268397437948893], false, true, [24, 31, 132, 156]], "28": [[10.675994237728341, 7.2569956782962661], false, true, [25, 32]], "29": [[0.0, 10.326839743794888], false, true, [26, 33]], "30": [[1.0, 9.3268397437948884], false, true, [26, 34]], "31": [[-3.8387928518728169, 6.3510159657258374], false, true, [27, 35, 145, 144]], "32": [[11.47599423772834, 7.8569956782962667], false, true, [28, 36]], "33": [[0.0, 11.326839743794888], false, true, [29, 37, 157]], "34": [[2.0, 9.3268397437948884], false, true, [30, 38]], "35": [[-5.3013733569595187, 6.2142142624776868], false, true, [31, 39, 155]], "36": [[12.275994237728339, 8.4569956782962681], false, true, [32, 40]], "37": [[0.0, 12.326839743794888], false, true, [33, 41]], "38": [[3.0, 9.3268397437948884], false, true, [34, 42]], "39": [[-6.0837554440334438, 5.997604513794335], false, true, [35, 43, 171]], "40": [[13.075994237728338, 9.0569956782962695], false, true, [36, 61]], "41": [[0.0, 13.326839743794888], false, true, [37]], "42": [[4.0, 9.3268397437948884], false, true, [38, 44, 183]], "43": [[-7.3636814449400605, 5.8665708764858904], false, true, [39, 45, 182]], "44": [[5.0, 9.3268397437948884], false, true, [42, 46]], "45": [[-8.921367993334302, 5.6367930937357729], false, false, [43, 47, 48]], "46": [[6.0, 9.3268397437948884], false, true, [44, 49]], "47": [[-10.159545866974309, 5.3885151241161742], false, true, [45, 50]], "48": [[-9.2115068297402924, 4.8136846713276302], false, true, [45, 51]], "49": [[7.0, 9.3268397437948884], false, true, [46, 52]], "50": [[-11.015425955196992, 5.0257707393556084], false, true, [47, 53]], "51": [[-9.9215829085111658, 3.9985757591334465], false, true, [48, 54]], "52": [[8.0, 9.3268397437948884], false, true, [49, 55, 191]], "53": [[-12.281439661622477, 4.1338237522183663], false, true, [50, 56]], "54": [[-10.608604043427075, 3.4382679617359466], false, true, [51, 57]], "55": [[9.0, 9.3268397437948884], false, true, [52, 58]], "56": [[-13.17811459225876, 2.8902573650491901], false, true, [53]], "57": [[-11.666211303692943, 2.8092457712755952], false, true, [54, 59, 220]], "58": [[10.0, 9.3268397437948884], false, true, [55, 60]], "59": [[-12.532995398511991, 2.7222223328366297], false, true, [57]], "60": [[11.0, 9.3268397437948884], false, true, [58, 61]], "61": [[12.0, 9.3268397437948884], false, true, [60, 40]], "62": [[1.218333999915892, -0.92722200002803601], true, false, [1, 63, 5, 69]], "63": [[2.1917127429738779, -0.69801942028065356], true, false, [62, 64, 65]], "64": [[1.8731484074812959, 0.65486130561097222], false, false, [63, 4, 1]], "65": [[2.4209153227212603, -1.6713981633386397], true, false, [63, 68, 69, 78]], "66": [[3.5504112155755347, 0.66280841168165217], true, false, [6]], "67": [[2.3504112155755337, 2.2628084116816511], true, false, [6, 12, 70, 80]], "68": [[3.3942940657792464, -1.4421955835912572], true, false, [65, 72, 73]], "69": [[1.4475365796632742, -1.9006007430860221], true, false, [65, 74, 62]], "70": [[3.1504112155755335, 2.8628084116816517], true, false, [67, 75, 8]], "71": [[4.5952061057360645, 1.4464045793020501], true, false, [8, 76, 90]], "72": [[3.165091486031864, -0.46881684053327111], true, false, [68]], "73": [[3.6234966455266289, -2.4155743266492431], true, false, [68, 77, 78]], "74": [[1.6767391594106567, -2.873979486144008], true, false, [69, 78, 79, 94]], "75": [[2.550411215575533, 3.6628084116816515], true, false, [70, 80, 81]], "76": [[5.3952061057360643, 2.0464045793020502], true, false, [71, 82, 96]], "77": [[4.596875388584615, -2.1863717469018606], true, false, [73, 84, 85]], "78": [[2.6501179024686428, -2.6447769063966255], true, false, [73, 74, 65, 86]], "79": [[0.70336041635267055, -3.1031820658913905], true, false, [74, 87, 2]], "80": [[1.7504112155755334, 3.062808411681651], true, false, [75, 67, 83]], "81": [[3.3504112155755328, 4.262808411681652], true, false, [75, 88, 140]], "82": [[5.9952061057360648, 1.2464045793020504], true, false, [76, 89, 90, 104]], "83": [[1.0, 3.8378295269253915], true, false, [14, 80, 11, 91]], "84": [[5.5702541316426011, -1.9571691671544782], true, false, [77, 92, 93, 150]], "85": [[4.8260779683319974, -3.1597504899598468], true, false, [77, 93, 110]], "86": [[2.8793204822160252, -3.6181556494546117], true, false, [78, 94, 111]], "87": [[0.932562996100053, -4.0765608089493766], true, false, [79, 94]], "88": [[3.9504112155755333, 3.4628084116816522], true, false, [81, 10, 95]], "89": [[6.7952061057360647, 1.8464045793020509], true, false, [82, 96, 97]], "90": [[5.195206105736065, 0.64640457930204998], true, false, [82, 71]], "91": [[1.7184210934538222, 4.5334379889790206], true, false, [83, 98]], "92": [[5.3410515518952186, -0.98379042409649209], true, false, [84, 138]], "93": [[5.7994567113899835, -2.9305479102124643], true, false, [84, 85, 99, 122]], "94": [[1.9059417391580391, -3.8473582292019941], true, false, [86, 87, 74, 100]], "95": [[4.7504112155755331, 4.0628084116816527], true, false, [88, 101, 163]], "96": [[6.1952061057360641, 2.6464045793020503], true, false, [89, 76, 102]], "97": [[7.3952061057360652, 1.0464045793020513], true, false, [89, 103, 104, 126]], "98": [[1.0228126314001935, 5.2518590824328424], true, false, [91, 105, 106]], "99": [[6.028659291137366, -3.9039266532704504], true, false, [93, 109, 110, 133]], "100": [[2.1351443189054216, -4.8207369722599802], true, false, [94, 111, 112, 214]], "101": [[5.3504112155755337, 3.2628084116816534], false, false, [95, 13, 10]], "102": [[6.9952061057360639, 3.2464045793020508], true, false, [96, 15]], "103": [[8.1952061057360641, 1.6464045793020519], true, false, [97, 113, 114]], "104": [[6.5952061057360654, 0.4464045793020508], true, false, [97, 115, 82, 138]], "105": [[0.0, 4.2615246838743657], false, false, [98, 14, 16]], "106": [[1.7412337248540153, 5.9474675444864715], true, false, [98, 116, 117]], "107": [[7.6759942377283439, 6.2569956782962635], true, false, [19, 118, 120, 141]], "108": [[-1.0, 5.3268397437948893], true, false, [21, 16, 119]], "109": [[7.0020380341953521, -3.674724073523068], true, false, [99, 122]], "110": [[5.0552805480793799, -4.1331292330178329], true, false, [99, 123, 85, 221]],