{"0": [[0.0, 0.0], false, false, [1, 75]], "1": [[1.0, 0.0], false, false, [0, 4, 109, 110]], "2": [[0.0, -2.0], false, false, [3, 6, 7]], "3": [[0.0, -3.0], false, false, [2, 162]], "4": [[2.0390117343540002, 0.31522146309023646], false, true, [1, 8, 106, 107]], "5": [[1.5486362917525551, -1.2584821138681759], false, true, [9, 109, 113]], "6": [[-0.62448611913128094, -0.88762146678220577], false, true, [2, 10, 7]], "7": [[-1.1438383014133258, -2.0303650781809472], false, true, [2, 6, 119, 142]], "8": [[3.3440566719426865, 0.11561239609929941], false, true, [4, 12, 108, 111]], "9": [[1.6310405679843027, -2.8357854457281038], false, true, [5, 13]], "10": [[-1.6148575131921317, 0.1771933487061117], false, true, [6, 14, 115]], "11": [[-2.7370634129646181, -2.138381172479725], false, true, [15, 112, 119]], "12": [[4.6708394111786724, -0.38915589984434851], false, true, [8, 16, 116, 132]], "13": [[1.863122151046976, -4.2802983509905612], false, false, [9, 17, 18]], "14": [[-2.3878726400767638, 0.75742334958689739], false, true, [10, 19, 67, 117]], "15": [[-3.7267631742735636, -2.3926455024166802], false, false, [11, 20, 134, 34]], "16": [[5.6638913971369993, -0.34617529110644102], false, true, [12, 22, 122, 123]], "17": [[2.572901027091679, -5.2217878325547957], false, true, [13, 23, 124, 193]], "18": [[0.77885391726655651, -5.0512359071141812], false, true, [13, 24, 124]], "19": [[-3.2315001026218457, 0.94918688133495532], false, false, [14, 25, 121]], "20": [[-5.0016267834412451, -2.6575811724160845], false, true, [15, 27, 125]], "21": [[-3.3303173509667316, -3.9104143964556974], false, true, [28, 126, 134]], "22": [[6.816353271864144, 0.28701300699490845], false, true, [16, 131, 194]], "23": [[3.2580716472026032, -6.3896391887867399], false, false, [17, 30, 31]], "24": [[-0.459301397871831, -5.9051210371406579], false, true, [18, 32, 133]], "25": [[-4.3358191295088924, 1.5367654197145917], false, true, [19, 33, 138]], "26": [[-3.5830456651510141, -0.60819264409442986], false, true, [114, 121, 112]], "27": [[-6.359928596693937, -2.551577995738783], false, true, [20, 35, 43, 135]], "28": [[-3.5782263619444308, -5.3883079465591415], false, true, [21, 40, 137]], "29": [[7.9197316829285267, 1.2755576247471023], false, true, [37, 194]], "30": [[3.7794097709866925, -7.4174936689586293], false, true, [23, 38]], "31": [[1.8931331217494496, -7.1045724940103687], false, true, [23, 39, 144]], "32": [[-1.5229540110849598, -6.1541217866625146], false, true, [24, 64, 153]], "33": [[-5.5489299175930089, 2.4037086731775661], false, false, [25, 41, 42, 163]], "34": [[-4.4227172860767077, -1.6163242367058737], false, true, [43, 114, 15]], "35": [[-7.419364655037449, -2.300201201139207], false, true, [27, 44]], "36": [[-3.7869105121718105, -6.285786972324086], false, true, [40, 45, 145]], "37": [[8.8839970538271551, 2.0370467373125676], false, true, [29, 46]], "38": [[4.4829098029818786, -8.7487542843885375], false, true, [30, 47]], "39": [[0.79657847017744077, -7.1033779593225459], false, true, [31, 48, 133]], "40": [[-3.619715330648674, -5.5667377850116804], false, false, [28, 36, 153, 159]], "41": [[-6.3947230260834145, 2.5970983413392443], false, true, [33, 49, 154]], "42": [[-4.6183942648520286, 3.6796682906183023], false, false, [33, 51, 176, 175]], "43": [[-5.2587158204596225, -2.0470094613449472], false, true, [34, 27]], "44": [[-8.3690347990632947, -1.8406141594718146], false, true, [35, 52]], "45": [[-4.2022147687044589, -7.6346640730076896], false, true, [36, 53, 72]], "46": [[9.8338838474025927, 3.0826076338141317], false, true, [37, 54]], "47": [[4.6909583871696121, -9.6790140259393418], false, true, [38, 55]], "48": [[-0.029780330547932055, -6.9487957649912531], false, true, [39, 56]], "49": [[-7.5032010691859901, 3.5605300317757491], false, true, [41, 57, 165, 164]], "50": [[-4.1070017854449734, 5.0269266985877561], false, true, [58, 166, 176]], "51": [[-4.004734865325303, 2.9805828100122245], false, true, [42, 138, 167]], "52": [[-9.1121482056522325, -1.2614610528977894], false, true, [44, 60]], "53": [[-4.4952176713215373, -9.1280404367899237], false, true, [45, 61]], "54": [[10.201523910668993, 4.2889169190493943], false, true, [46, 62]], "55": [[4.9994673513311767, -10.63149347930214], false, true, [47, 63, 178]], "56": [[-1.1861495866374938, -6.8072910863957672], false, true, [48, 64]], "57": [[-8.1915041134604856, 4.776210804487345], false, true, [49, 65]], "58": [[-3.1861684923221341, 6.2524920476540435], false, true, [50, 76, 235]], "59": [[-2.993361941574733, 2.4174015875083539], false, false, [67, 138, 177]], "60": [[-10.332210919187615, -0.98872849621399017], false, true, [52, 69]], "61": [[-4.5120026077134572, -10.380110460570215], false, true, [53, 70]], "62": [[10.560284866600608, 5.3845294368105234], false, true, [54, 71]], "63": [[5.6516402764280746, -11.967236976844331], false, true, [55]], "64": [[-2.140898211203631, -7.1284980035067633], false, true, [56, 72, 32]], "65": [[-8.7009870354701615, 5.4295380994657707], false, true, [57, 73]], "66": [[-2.1776446074908131, 6.9472581968437446], false, true, [74, 235]], "67": [[-1.9282241203422721, 2.1310700218207517], false, true, [59, 75, 83, 14]], "68": [[-2.5414653953725592, 3.9242869358592181], false, false, [76, 77, 177, 216]], "69": [[-11.529837585905673, -0.9082965753541693], false, true, [60, 78]], "70": [[-4.756717592344744, -11.298087032869143], false, true, [61, 79]], "71": [[10.383352796351955, 6.2463067698280561], false, true, [62, 80]], "72": [[-3.4112421936834263, -7.4559340459971049], false, true, [64, 45, 145]], "73": [[-9.2847217890460829, 6.0964576292191905], false, true, [65, 81]], "74": [[-1.2779297716249538, 8.1480462563055784], false, true, [66, 82]], "75": [[-0.76609565489118392, 1.4952037283933131], false, true, [67, 0, 83]], "76": [[-2.5295974964474977, 5.1444543085898538], false, true, [68, 58]], "77": [[-1.6993813243885787, 3.3853968388547893], false, true, [68, 83]], "78": [[-12.335909239638285, -0.55550685797010213], false, true, [69]], "79": [[-4.8460490733710859, -12.308232582734385], false, true, [70]], "80": [[10.502163890373334, 7.7519089508663619], false, true, [71, 84, 196]], "81": [[-9.9296768686467374, 7.0096860053762482], false, true, [73, 85]], "82": [[-0.83646018196879213, 9.6580826017216239], false, true, [74, 86]], "83": [[-1.0481578755438161, 2.2005107601152458], false, false, [77, 75, 67, 87]], "84": [[10.118836249472723, 8.5821370975856262], false, true, [80, 88]], "85": [[-10.649437053100201, 7.9637786851823948], false, true, [81, 89]], "86": [[-0.21754262517127476, 10.751737440052683], false, true, [82, 90, 198]], "87": [[0.28572620584606701, 2.2118473531000298], false, true, [83, 91, 110, 206]], "88": [[10.065183618039775, 9.4559860332997481], false, true, [84, 92]], "89": [[-10.79289237346044, 8.8094599106341107], false, true, [85, 93]], "90": [[0.70339533603355486, 11.512219135576116], false, true, [86, 201]], "91": [[1.6248439018545933, 2.7406688148702711], false, true, [87, 94, 203, 204]], "92": [[9.8915167366347898, 10.82767360320533], false, true, [88, 95, 105]], "93": [[-11.017859985974615, 9.7544397001168406], false, true, [89, 96]], "94": [[2.3050575005802649, 3.1744931338405844], false, true, [91, 97, 207, 214]], "95": [[9.4316444489336622, 11.493142505372967], false, true, [92]], "96": [[-10.646577734612022, 11.144639694645036], false, true, [93, 98]], "97": [[2.991871270549848, 4.3973369749413527], false, true, [94, 99, 210, 209]], "98": [[-10.052630514394471, 11.948428451823315], false, true, [96]], "99": [[3.4355049536090174, 5.5260731221285635], false, true, [97, 100, 213]], "100": [[4.3387727676567911, 6.65678678278171], false, true, [99, 101, 219, 233]], "101": [[5.2134070482033046, 7.3253206525046695], false, true, [100, 102, 224]], "102": [[6.3028124449380938, 7.5174876161338382], false, true, [101, 103]], "103": [[7.6017795983536631, 8.3445065537386185], false, true, [102, 104]],