{"0": [[0.0, 0.0], false, false, [1, 5, 176]], "1": [[1.0, 0.0], false, true, [0, 4, 7]], "2": [[0.0, -2.0], false, true, [3, 5]], "3": [[0.0, -3.0], false, false, [2]], "4": [[1.7671394832902407, 0.57535461246768105], false, true, [1, 6, 31]], "5": [[0.0, -1.1538198615107977], false, false, [2, 0, 7]], "6": [[2.8579580232923982, 1.3934685174693002], false, true, [4, 8, 32]], "7": [[1.107489589997803, -1.1538198615107977], false, true, [5, 9, 1]], "8": [[3.8659087653937361, 2.1494315740453045], false, true, [6, 10, 34]], "9": [[2.2842404866906021, -1.5828942188924631], false, true, [7, 11]], "10": [[4.5416071803938518, 2.6562053852953915], false, true, [8, 12, 38, 127]], "11": [[3.4533740312121992, -2.0091910891296583], false, true, [9, 13, 48, 49]], "12": [[5.354876160180897, 3.2661571201356758], false, true, [10, 14, 57]], "13": [[4.7964906969954679, -2.4989267858512125], false, true, [11, 15, 42, 43]], "14": [[6.2315326614747395, 3.9236494961060582], false, true, [12, 16, 51, 127]], "15": [[5.9685414705470263, -2.9262873545949342], false, true, [13, 17, 52, 50]], "16": [[7.0315326614747393, 4.5236494961060583], false, true, [14, 18, 61]], "17": [[7.0725103178236601, -3.32882346061862], false, true, [15, 19, 62]], "18": [[7.8315326614747391, 5.1236494961060588], false, true, [16, 20, 68]], "19": [[8.0120046752745733, -3.6713878375142577], false, true, [17, 21, 69]], "20": [[8.6315326614747381, 5.7236494961060593], false, true, [18, 22, 77]], "21": [[8.9514990327254864, -4.0139522144098949], false, true, [19, 23, 78]], "22": [[9.431532661474737, 6.3236494961060599], false, true, [20, 24]], "23": [[9.8909933901763996, -4.3565165913055317], false, true, [21, 25, 87]], "24": [[10.231532661474736, 6.9236494961060604], false, true, [22, 26]], "25": [[10.830487747627313, -4.6990809682011685], false, true, [23, 27]], "26": [[11.031532661474735, 7.5236494961060609], false, true, [24, 28]], "27": [[11.769982105078226, -5.0416453450968053], false, true, [25, 29]], "28": [[11.831532661474734, 8.1236494961060615], false, true, [26, 30]], "29": [[12.709476462529139, -5.3842097219924421], false, true, [27]], "30": [[12.631532661474733, 8.7236494961060629], false, true, [28]], "31": [[1.1671394832902404, 1.3753546124676808], true, false, [4, 32, 35]], "32": [[1.9671394832902402, 1.9753546124676811], true, false, [31, 33, 6, 37]], "33": [[1.3671394832902399, 2.7753546124676811], true, false, [32, 35, 36]], "34": [[3.2659087653937355, 2.9494315740453043], true, false, [8, 37, 38]], "35": [[0.56713948329024011, 2.175354612467681], true, false, [33, 31, 39]], "36": [[2.1671394832902395, 3.3753546124676812], true, false, [33, 40, 37, 56]], "37": [[2.4659087653937357, 2.3494315740453038], true, false, [34, 36, 32]], "38": [[4.0659087653937354, 3.5494315740453048], true, false, [34, 41, 10]], "39": [[-0.03286051670976009, 2.9753546124676808], true, false, [35, 44, 45, 63]], "40": [[1.5671394832902392, 4.1753546124676806], true, false, [36, 45, 46, 64]], "41": [[3.4659087653937348, 4.3494315740453047], true, false, [38, 47, 56]], "42": [[4.4539263200998302, -3.4384211433021252], true, false, [13, 48, 52, 66]], "43": [[5.1390550738911056, -1.5594324284002996], true, false, [13, 49, 50, 67]], "44": [[-0.83286051670975991, 2.3753546124676808], true, false, [39, 53, 149]], "45": [[0.76713948329023973, 3.5753546124676809], true, false, [39, 40, 54]], "46": [[2.3671394832902388, 4.7753546124676811], true, false, [40, 55, 56, 73]], "47": [[4.2659087653937346, 4.9494315740453052], true, false, [41, 57]], "48": [[3.5144319626489176, -3.0958567664064875], true, false, [42, 58, 11]], "49": [[4.1995607164401925, -1.2168680515046619], true, false, [43, 11, 59]], "50": [[6.0785494313420187, -1.9019968052959373], true, false, [43, 60, 15]], "51": [[5.631532661474739, 4.7236494961060584], true, false, [14, 57, 61]], "52": [[5.6259770936513886, -3.8657817120458469], true, false, [15, 62, 42]], "53": [[-1.4328605167097601, 3.1753546124676806], true, false, [44, 63, 79]], "54": [[0.16713948329023975, 4.3753546124676808], true, false, [45, 63, 64, 80]], "55": [[1.7671394832902383, 5.5753546124676809], true, false, [46, 64, 65, 81]], "56": [[2.9671394832902394, 3.9753546124676813], true, false, [46, 41, 36]], "57": [[4.8659087653937352, 4.1494315740453054], true, false, [47, 51, 12]], "58": [[3.1718675857532799, -4.0353511238574002], true, false, [48, 66, 84]], "59": [[4.5421250933358301, -0.27737369405374901], true, false, [49, 67, 85]], "60": [[6.4211138082376564, -0.96250244784502437], true, false, [50, 67]], "61": [[6.4315326614747388, 5.323649496106059], true, false, [51, 16, 68]], "62": [[6.5654714511023018, -4.208346088941485], true, false, [52, 17, 69]], "63": [[-0.63286051670976029, 3.7753546124676807], true, false, [53, 54, 39, 70]], "64": [[0.9671394832902398, 4.9753546124676813], true, false, [54, 55, 40, 71]], "65": [[2.5671394832902381, 6.1753546124676815], true, false, [55, 72, 73]], "66": [[4.1113619432041926, -4.3779155007530379], true, false, [58, 42, 74]], "67": [[5.4816194507867433, -0.61993807094938669], true, false, [59, 60, 43, 75]], "68": [[7.2315326614747386, 5.9236494961060586], true, false, [61, 18, 76, 95]], "69": [[7.4318181737702096, -4.7077891348662186], true, false, [62, 19, 78]], "70": [[-1.2328605167097604, 4.5753546124676809], true, false, [63, 79, 80, 98]], "71": [[0.36713948329023927, 5.7753546124676811], true, false, [64, 80, 81]], "72": [[1.9671394832902376, 6.9753546124676813], true, false, [65, 81, 82]], "73": [[3.1671394832902386, 5.3753546124676816], true, false, [65, 46]], "74": [[3.7687975663085549, -5.3174098582039511], true, false, [66, 83, 84, 103]], "75": [[5.824183827682381, 0.31955628650152623], true, false, [67, 85]], "76": [[8.0315326614747384, 6.5236494961060592], true, false, [68, 86]], "77": [[9.2315326614747395, 4.9236494961060604], true, false, [20]], "78": [[8.6089346558298487, -4.9534465718608081], true, false, [21, 87, 69]], "79": [[-2.0328605167097606, 3.9753546124676808], true, false, [70, 53, 88, 107]], "80": [[-0.43286051670976033, 5.1753546124676806], true, false, [70, 71, 54, 89]], "81": [[1.1671394832902389, 6.3753546124676816], true, false, [71, 72, 55, 90]], "82": [[2.7671394832902374, 7.5753546124676818], true, false, [72, 91, 112]], "83": [[4.708291923759468, -5.6599742350995887], true, false, [74, 92]], "84": [[2.8293032088576417, -4.9748454813083134], true, false, [74, 93, 58]], "85": [[4.8846894702314678, 0.66212066339716391], true, false, [75, 59, 94]], "86": [[7.4315326614747379, 7.323649496106059], true, false, [76, 95]], "87": [[9.5484290132807619, -5.2960109487564457], true, false, [78, 23, 96]], "88": [[-2.6328605167097607, 4.7753546124676811], true, false, [79, 97, 98, 119]], "89": [[-1.0328605167097609, 5.9753546124676804], true, false, [80, 98, 99, 120]], "90": [[0.56713948329023844, 7.1753546124676815], true, false, [81, 99, 100, 197]], "91": [[2.1671394832902369, 8.3753546124676816], true, false, [82, 101]], "92": [[4.3657275468638304, -6.5994685925505019], true, false, [83, 102, 103, 125]], "93": [[2.4867388319620041, -5.9143398387592265], true, false, [84, 103]], "94": [[5.2272538471271055, 1.6016150208480768], true, false, [85, 104, 127]], "95": [[6.6315326614747381, 6.7236494961060584], true, false, [86, 68, 105]], "96": [[9.2058646363851242, -6.2355053062073589], true, false, [87, 106]], "97": [[-3.432860516709761, 4.1753546124676815], true, false, [88, 107, 108, 129]], "98": [[-1.8328605167097607, 5.3753546124676808], true, false, [88, 89, 70, 109]], "99": [[-0.23286051670976127, 6.5753546124676809], true, false, [89, 90]], "100": [[1.3671394832902384, 7.775354612467682], true, false, [90, 110]], "101": [[2.9671394832902367, 8.9753546124676813], true, false, [91, 111, 112]], "102": [[5.3052219043147435, -6.9420329694461396], true, false, [92, 113, 114]], "103": [[3.4262331894129172, -6.2569042156548642], true, false, [92, 93, 74]],