{"0": [[0.0, 0.0], false, false, [1, 5, 99]], "1": [[1.0, 0.0], false, true, [0, 4, 95, 96]], "2": [[0.0, -2.0], false, true, [3, 5, 97]], "3": [[0.0, -3.0], false, false, [2, 100]], "4": [[2.1031645967399664, 0.82737344755497555], false, true, [1, 6, 96, 102, 11]], "5": [[0.0, -0.93749100867638191], false, true, [2, 0, 95, 101, 192]], "6": [[2.8044701723902614, 1.3533526292926972], false, false, [4, 7, 8]], "7": [[4.0816406188065679, 2.3112304641049279], false, true, [6, 9, 110, 111]], "8": [[3.3891923871425647, 0.57372300962296041], false, false, [6, 10, 11]], "9": [[4.9595351702776957, 2.9696513777082743], false, true, [7, 12, 119]], "10": [[3.8516185167218921, -0.61024909526056903], false, true, [8, 13, 120]], "11": [[2.5580786364266106, 0.24911340657699671], false, true, [8, 14, 4, 120]], "12": [[5.9368474037235757, 3.7026355527926853], false, true, [9, 15, 153]], "13": [[3.8993481163202923, -1.9257054062711108], false, false, [10, 16, 17]], "14": [[1.7445683384314528, -0.068620784053983419], false, true, [11, 95, 127, 21]], "15": [[6.7368474037235755, 4.3026355527926858], false, false, [12, 18, 19]], "16": [[3.6040101973013856, -2.9052240442408448], false, true, [13, 20]], "17": [[2.8199231851243187, -1.6002444088394354], false, true, [13, 21, 120, 183]], "18": [[7.5368474037235753, 4.9026355527926864], false, true, [15, 22, 176]], "19": [[7.336847403723576, 3.502635552792686], false, true, [15, 23]], "20": [[3.1614186408601963, -3.6453347937083778], false, true, [16, 24, 180]], "21": [[1.3919919482104139, -1.1697041172464568], false, true, [17, 14, 192]], "22": [[8.3368474037235742, 5.5026355527926869], false, true, [18, 25, 162]], "23": [[7.9368474037235766, 2.7026355527926862], false, true, [19, 26, 146]], "24": [[2.4962096851929672, -4.3716770450719826], false, true, [20, 27, 180]], "25": [[9.1368474037235732, 6.1026355527926874], false, true, [22, 28, 94]], "26": [[8.5368474037235771, 1.9026355527926866], false, true, [23, 29, 155]], "27": [[1.7846993153944046, -4.8620794343803038], false, true, [24, 30, 156]], "28": [[9.9368474037235721, 6.702635552792688], false, true, [25, 31]], "29": [[9.1368474037235785, 1.102635552792687], false, true, [26, 32]], "30": [[0.9661731800002924, -5.2173310915483633], false, true, [27, 33, 163, 174]], "31": [[10.736847403723571, 7.3026355527926885], false, true, [28, 34]], "32": [[9.7368474037235799, 0.30263555279268772], false, true, [29, 35]], "33": [[0.036232930596892032, -5.418454157997628], false, true, [30, 36, 169]], "34": [[11.53684740372357, 7.902635552792689], false, true, [31, 37]], "35": [[10.336847403723581, -0.49736444720731132], false, true, [32, 38]], "36": [[-0.76514686805644527, -5.4246738482084904], false, true, [33, 39, 114]], "37": [[12.336847403723569, 8.5026355527926896], false, true, [34, 40]], "38": [[10.936847403723583, -1.2973644472073103], false, true, [35, 41]], "39": [[-1.9632231197768608, -5.2285736877560147], false, true, [36, 42, 178]], "40": [[13.136847403723568, 9.102635552792691], false, true, [37]], "41": [[11.536847403723584, -2.0973644472073092], false, true, [38, 43]], "42": [[-3.1601652802191085, -4.7038833094687966], false, true, [39, 44, 115]], "43": [[12.136847403723586, -2.8973644472073081], false, true, [41, 45]], "44": [[-4.1989355562572399, -3.8736398491729593], false, true, [42, 46, 131, 196]], "45": [[12.736847403723587, -3.6973644472073071], false, true, [43]], "46": [[-4.6823461442593715, -3.2238178452787527], false, true, [44, 47, 190]], "47": [[-5.378841768173019, -1.9055180337750037], false, true, [46, 48, 137, 197]], "48": [[-5.6827199785587856, -0.49098986313210347], false, true, [47, 49]], "49": [[-5.6277215092178423, 0.71568453306474389], false, true, [48, 50, 205]], "50": [[-5.3787270518036747, 1.6717371023960741], false, true, [49, 51, 166]], "51": [[-4.9960514753834158, 2.5216672921428112], false, true, [50, 52, 214]], "52": [[-4.1827372395786186, 3.763651707092766], false, false, [51, 53, 54]], "53": [[-3.5031171702492014, 4.3934460193748084], false, true, [52, 55, 164]], "54": [[-4.9452546636751764, 4.5864951887235019], false, false, [52, 56, 57]], "55": [[-2.9980094147622713, 5.5083595940212975], false, true, [53, 58, 148, 227]], "56": [[-5.4211371603889784, 5.2653515560199535], false, true, [54, 59, 224, 231]], "57": [[-5.9973241059827291, 4.1156582735280587], false, true, [54, 60, 224]], "58": [[-2.5625604830537272, 6.9043490573662654], false, true, [55, 61, 226]], "59": [[-5.8709650793302144, 6.7249123851303398], false, true, [56, 62, 233]], "60": [[-7.1898053135821547, 3.8277508409140499], false, false, [57, 63, 64]], "61": [[-2.2647825455615225, 7.8589842232505358], false, true, [58, 65, 170]], "62": [[-5.8127747451983609, 7.6356590336979986], false, true, [59, 66, 229]], "63": [[-8.5176728957809349, 4.1993611769279946], false, true, [60, 67, 220]], "64": [[-7.5210109010009623, 5.3882091912429555], false, true, [60, 68, 230]], "65": [[-1.9670046080693178, 8.8136193891348071], false, true, [61, 69, 234]], "66": [[-5.5148786852692018, 8.7669543929612317], false, true, [62, 70]], "67": [[-9.6166664335372953, 4.2732303907999043], false, true, [63, 71]], "68": [[-7.7223492386800663, 6.7879909485755086], false, true, [64, 72, 233]], "69": [[-1.6692266705771133, 9.7682545550190785], false, false, [65, 73, 74, 238]], "70": [[-5.6832504968458606, 10.222608212603664], false, true, [66, 75]], "71": [[-10.457772868864376, 3.8855808361819837], false, true, [67, 76]], "72": [[-7.7629086265601934, 7.981793012104081], false, true, [68, 77]], "73": [[-1.371448733084909, 10.72288972090335], false, true, [69, 78, 236]], "74": [[-0.71459150469284261, 9.4704766175268738], false, true, [69, 79, 234]], "75": [[-5.7981519013732647, 11.21598511350162], false, true, [70, 80]], "76": [[-11.784310883402583, 3.500830997893249], false, true, [71, 81]], "77": [[-8.37081429588034, 9.2274490215104716], false, true, [72, 82, 237]], "78": [[-1.073670795592705, 11.677524886787621], false, true, [73, 83]], "79": [[0.24004366119142784, 9.172698680034669], false, true, [74, 84]], "80": [[-5.9130533059006689, 12.209362014399577], false, true, [75, 85]], "81": [[-12.94004943310153, 3.5887531524391072], false, true, [76]], "82": [[-9.2775010022331319, 10.496324337848883], false, true, [77, 86]], "83": [[-0.77589285810050101, 12.632160052671892], false, true, [78]], "84": [[1.1946788270756983, 8.8749207425424643], false, true, [79, 87]], "85": [[-6.0279547104280731, 13.202738915297534], false, true, [80]], "86": [[-9.6053197081250339, 11.288260495501008], false, true, [82, 88]], "87": [[2.1493139929599687, 8.5771428050502596], false, true, [84, 89, 186]], "88": [[-9.9388291373222266, 12.717612998961974], false, true, [86]], "89": [[3.1039491588442392, 8.2793648675580549], false, true, [87, 90, 202]], "90": [[4.0585843247285096, 7.9815869300658502], false, true, [89, 91, 206]], "91": [[5.01321949061278, 7.6838089925736455], false, true, [90, 92]], "92": [[5.9678546564970505, 7.3860310550814408], false, true, [91, 93, 167]], "93": [[6.9224898223813209, 7.088253117589236], false, true, [92, 94, 167]], "94": [[7.8771249882655914, 6.7904751800970313], false, true, [93, 25]], "95": [[1.1262040270599953, -0.37659286303992989], false, false, [1, 5, 14]], "96": [[0.90632587533657183, 0.96877529177885724], true, false, [1, 98, 99, 4]], "97": [[-1.0, -2.0], true, false, [2, 100, 101]], "98": [[0.81008140618527902, 1.9641330175025218], true, false, [96, 102, 103, 112]], "99": [[-0.089031850387092715, 0.87253082262756443], true, false, [96, 0, 103, 125]], "100": [[-1.0, -3.0], true, false, [97, 3, 104, 114]], "101": [[-1.0, -1.0], true, false, [97, 105, 5, 117]], "102": [[1.8054391319089436, 2.0603774866538145], true, false, [98, 106, 4]], "103": [[-0.18527631953838553, 1.8678885483512291], true, false, [99, 98]], "104": [[-2.0, -3.0], true, false, [100, 107, 108]], "105": [[-2.0, -1.0], true, false, [101, 108, 109, 124]],