{"0": [[0.0, 0.0], false, false, [1, 5, 28]], "1": [[1.0, 0.0], false, true, [0, 4, 18]], "2": [[0.0, -2.0], false, true, [3, 5, 19, 20]], "3": [[0.0, -3.0], false, false, [2, 22, 23]], "4": [[2.0090721384312662, 0.75680410382345042], false, true, [1, 6, 18, 36]], "5": [[0.0, -0.89982569437550874], false, true, [2, 0, 24, 21]], "6": [[3.0077178863905418, 1.5057884147929075], false, true, [4, 7, 29]], "7": [[4.1840311783903861, 2.3880233837927913], false, true, [6, 8, 35, 55]], "8": [[5.1848712678693323, 3.1386534509020017], false, true, [7, 9, 43]], "9": [[6.4453023570771713, 4.0839767678078811], false, true, [8, 10, 50]], "10": [[7.2453023570771711, 4.6839767678078807], false, true, [9, 11]], "11": [[8.0453023570771709, 5.2839767678078804], false, true, [10, 12]], "12": [[8.8453023570771716, 5.88397676780788], false, true, [11, 13]], "13": [[9.6453023570771723, 6.4839767678078797], false, true, [12, 14]], "14": [[10.445302357077173, 7.0839767678078793], false, true, [13, 15]], "15": [[11.245302357077174, 7.683976767807879], false, true, [14, 16]], "16": [[12.045302357077174, 8.2839767678078786], false, true, [15, 17]], "17": [[12.845302357077175, 8.8839767678078783], false, true, [16]], "18": [[0.93845435129450061, 0.9794847837648335], true, false, [1, 4]], "19": [[1.0, -2.0], true, false, [2, 21, 22, 31]], "20": [[-1.0, -2.0], true, false, [2, 23, 24]], "21": [[1.0, -1.0], true, false, [19, 5, 25]], "22": [[1.0, -3.0], true, false, [19, 26, 3]], "23": [[-1.0, -3.0], true, false, [20, 3, 27, 37]], "24": [[-1.0, -1.0], true, false, [20, 5, 28, 40]], "25": [[2.0, -1.0], true, false, [21, 30, 31]], "26": [[2.0, -3.0], true, false, [22, 31, 122]], "27": [[-2.0, -3.0], true, false, [23, 32, 33]], "28": [[-1.0996754379185241, -0.0049799966454189271], true, false, [24, 34, 0]], "29": [[3.6077178863905419, 0.70578841479290766], true, false, [6, 35, 36, 49]], "30": [[2.0, 0.0], true, false, [25, 113]], "31": [[2.0, -2.0], true, false, [25, 26, 19]], "32": [[-2.0, -4.0], true, false, [27, 37, 38]], "33": [[-2.0, -2.0], true, false, [27, 39]], "34": [[-2.0946954412731049, -0.104655434563943], true, false, [28, 40, 41, 53]], "35": [[4.4077178863905422, 1.3057884147929077], true, false, [29, 7, 42, 55]], "36": [[2.8077178863905421, 0.10578841479290746], true, false, [29, 4]], "37": [[-1.0, -4.0], true, false, [32, 23]], "38": [[-3.0, -4.0], true, false, [32, 44, 45, 58]], "39": [[-3.0, -2.0], true, false, [33, 45, 46, 59]], "40": [[-1.9950200033545809, -1.0996754379185241], true, false, [34, 24, 46]], "41": [[-2.194370879191629, 0.89036456879063808], true, false, [34, 47, 62]], "42": [[5.0077178863905418, 0.5057884147929077], true, false, [35, 48, 49, 64]], "43": [[5.7848712678693328, 2.3386534509020018], true, false, [8, 50, 55]], "44": [[-3.0, -5.0], true, false, [38, 51]], "45": [[-3.0, -3.0], true, false, [38, 39, 52]], "46": [[-3.0, -1.0], true, false, [39, 40, 53]], "47": [[-3.1893908825462098, 0.79068913087211401], true, false, [41, 53, 54, 69]], "48": [[5.8077178863905417, 1.1057884147929076], true, false, [42, 55, 56, 66]], "49": [[4.207717886390542, -0.094211585207092052], true, false, [42, 29, 104]], "50": [[6.5848712678693326, 2.9386534509020024], true, false, [43, 9, 57, 74]], "51": [[-4.0, -5.0], true, false, [44, 58]], "52": [[-4.0, -3.0], true, false, [45, 59, 77]], "53": [[-2.9013027388439072, -0.0048824940539502482], true, false, [46, 47, 34, 60]], "54": [[-3.2890663204647339, 1.7857091342266951], true, false, [47, 61, 62, 79]], "55": [[5.207717886390542, 1.9057884147929076], true, false, [48, 7, 35, 43]], "56": [[6.4077178863905413, 0.30578841479290753], true, false, [48, 63, 64, 82]], "57": [[7.1848712678693332, 2.1386534509020025], true, false, [50, 65, 66, 84]], "58": [[-4.0, -4.0], true, false, [51, 67, 38]], "59": [[-4.0, -2.0], true, false, [52, 68, 39]], "60": [[-3.8415548367319428, -0.34536155716524902], true, false, [53, 69]], "61": [[-4.2840863238193148, 1.686033696308171], true, false, [54, 69, 70]], "62": [[-2.2940463171101531, 1.8853845721452192], true, false, [54, 71, 41]], "63": [[7.2077178863905411, 0.90578841479290728], true, false, [56, 66, 72]], "64": [[5.6077178863905415, -0.29421158520709223], true, false, [56, 73, 42, 90]], "65": [[7.984871267869333, 2.7386534509020031], true, false, [57, 74, 75]], "66": [[6.3848712678693333, 1.538653450902002], true, false, [57, 63, 48]], "67": [[-5.0, -4.0], true, false, [58, 76, 77]], "68": [[-5.0, -2.0], true, false, [59, 77]], "69": [[-4.1820338998432414, 0.59489054072278669], true, false, [60, 61, 47, 78]], "70": [[-4.3837617617378388, 2.6810536996627521], true, false, [61, 79]], "71": [[-2.3937217550286771, 2.8804045754998002], true, false, [62, 79, 80]], "72": [[7.8077178863905408, 0.10578841479290724], true, false, [63, 81, 95]], "73": [[6.2077178863905411, -1.0942115852070922], true, false, [64, 82, 83, 96]], "74": [[7.3848712678693325, 3.5386534509020029], true, false, [65, 50]], "75": [[8.5848712678693335, 1.9386534509020035], true, false, [65, 84]], "76": [[-5.0, -5.0], true, false, [67, 85]], "77": [[-5.0, -3.0], true, false, [67, 68, 52, 86]], "78": [[-5.1776886444229469, 0.50176895570663427], true, false, [69]], "79": [[-3.388741758383258, 2.7807291375812762], true, false, [70, 71, 54]], "80": [[-1.398701751674096, 2.9800800134183243], true, false, [71, 87, 101]], "81": [[8.6077178863905406, 0.70578841479290699], true, false, [72, 88, 84]], "82": [[7.0077178863905409, -0.49421158520709241], true, false, [73, 56, 89]], "83": [[5.4077178863905413, -1.6942115852070918], true, false, [73, 90, 103]], "84": [[7.7848712678693337, 1.3386534509020029], true, false, [75, 81, 57]], "85": [[-6.0, -5.0], true, false, [76, 91, 92]], "86": [[-6.0, -3.0], true, false, [77]], "87": [[-1.4983771895926201, 3.9751000167729051], true, false, [80, 93, 94, 107]], "88": [[9.2077178863905402, -0.094211585207093052], true, false, [81, 95]], "89": [[7.6077178863905406, -1.2942115852070923], true, false, [82, 96, 110]], "90": [[4.8077178863905417, -0.89421158520709176], true, false, [83, 97, 64]], "91": [[-6.0, -6.0], true, false, [85]], "92": [[-6.0, -4.0], true, false, [85, 98]], "93": [[-2.4933971929472012, 3.8754245788543811], true, false, [87, 99]], "94": [[-0.50335718623803904, 4.0747754546914292], true, false, [87, 100, 101]], "95": [[8.4077178863905395, -0.69421158520709281], true, false, [88, 72]], "96": [[6.8077178863905408, -1.894211585207092], true, false, [89, 102, 73]], "97": [[4.0077178863905418, -1.4942115852070916], true, false, [90, 103, 104]], "98": [[-7.0, -4.0], true, false, [92, 105]], "99": [[-2.5930726308657253, 4.8704445822089619], true, false, [93, 106, 107, 123]], "100": [[-0.60303262415656311, 5.0697954580460101], true, false, [94, 107, 108, 124]], "101": [[-0.40368174831951498, 3.0797554513368484], true, false, [94, 109, 80]], "102": [[7.4077178863905404, -2.6942115852070918], true, false, [96, 110, 111]], "103": [[4.6077178863905415, -2.2942115852070915], true, false, [97, 83, 112, 127]], "104": [[3.4077178863905417, -0.69421158520709159], true, false, [97, 113, 49]], "105": [[-7.0, -3.0], true, false, [98, 114]], "106": [[-3.5880926342203061, 4.7707691442904379], true, false, [99, 115, 143]], "107": [[-1.5980526275111442, 4.970120020127486], true, false, [99, 100, 87, 116]], "108": [[0.39198737919801796, 5.1694708959645341], true, false, [100, 117]], "109": [[0.5913382550350661, 3.1794308892553724], true, false, [101, 118]], "110": [[8.2077178863905402, -2.0942115852070922], true, false, [102, 89, 119]], "111": [[6.6077178863905406, -3.2942115852070915], true, false, [102, 120]], "112": [[3.8077178863905417, -2.8942115852070911], true, false, [103, 121, 122]], "113": [[2.6077178863905415, -1.2942115852070917], true, false, [104, 122, 30]], "114": [[-8.0, -3.0], true, false, [105]], "115": [[-3.488417196301782, 3.775749140935857], true, false, [106]], "116": [[-1.6977280654296683, 5.9651400234820668], true, false, [107, 123, 136]],