{"0": [[0.0, 0.0], false, false, [1, 2, 96]], "1": [[1.0, 0.0], false, true, [0, 4]], "2": [[0.0, -2.0], false, true, [3, 0]], "3": [[0.0, -3.0], false, false, [2]], "4": [[1.9151719332745989, 0.68637894995594984], false, true, [1, 5, 87]], "5": [[2.7421944072558513, 1.3066458054418897], false, true, [4, 6, 86]], "6": [[3.8120004088028772, 2.1090003066021596], false, true, [5, 7, 88]], "7": [[5.0115357654838366, 3.0086518241128806], false, false, [6, 8, 9]], "8": [[5.864640330248978, 3.6484802476867371], false, true, [7, 10, 94]], "9": [[4.4154809354297688, 3.8033915975183037], false, true, [7, 11, 94, 95]], "10": [[6.6646403302489778, 4.2484802476867376], false, true, [8, 12]], "11": [[3.7755849939696353, 4.4239067167793023], false, true, [9, 13, 98]], "12": [[7.4646403302489777, 4.8484802476867381], false, true, [10, 14, 102]], "13": [[2.7028211185115874, 5.2067409292935514], false, true, [11, 15, 93]], "14": [[8.2646403302489766, 5.4484802476867387], false, true, [12, 16, 107]], "15": [[1.8950325082865564, 5.7962132027642488], false, true, [13, 17, 108, 104]], "16": [[9.0646403302489755, 6.0484802476867392], false, true, [14, 18]], "17": [[1.0872438980615253, 6.3856854762349462], false, false, [15, 19, 20, 45]], "18": [[9.8646403302489745, 6.6484802476867397], false, true, [16, 21]], "19": [[0.2794552878364942, 6.9751577497056436], false, true, [17, 22, 45]], "20": [[1.6767161715322227, 7.1934740864599771], false, true, [17, 23, 108, 128]], "21": [[10.664640330248973, 7.2484802476867403], false, true, [18, 24]], "22": [[-0.52833332238853692, 7.564630023176341], false, false, [19, 25, 26, 132]], "23": [[2.2661884450029204, 8.0012626966850089], false, false, [20, 27, 28]], "24": [[11.464640330248972, 7.8484802476867408], false, true, [21, 29]], "25": [[-1.336121932613568, 8.1541022966470393], false, true, [22, 30]], "26": [[-1.1178055958592343, 6.7568414129513101], false, true, [22, 31, 115]], "27": [[2.8556607184736178, 8.8090513069100407], false, true, [23, 32, 126, 127]], "28": [[1.458399834777889, 8.5907349701557063], false, true, [23, 33, 127, 128]], "29": [[12.264640330248971, 8.4484802476867422], false, true, [24, 34]], "30": [[-2.1439105428385989, 8.7435745701177368], false, true, [25, 35]], "31": [[-1.707277869329932, 5.9490528027262792], false, true, [26, 36, 41]], "32": [[3.4451329919443152, 9.6168399171350725], false, true, [27, 37, 130]], "33": [[0.65061122455285769, 9.1802072436264037], false, true, [28, 38, 132]], "34": [[13.06464033024897, 9.0484802476867436], false, true, [29]], "35": [[-2.9516991530636298, 9.3330468435884342], false, true, [30, 39, 134]], "36": [[-2.2967501428006298, 5.1412641925012483], false, false, [31, 41, 125, 124]], "37": [[4.0346052654150126, 10.424628527360104], false, true, [32, 42, 75]], "38": [[-0.15717738567217365, 9.7696795170971011], false, true, [33, 43]], "39": [[-3.7594877632886607, 9.9225191170591316], false, true, [35, 44, 137]], "40": [[-1.2122809391319724, 5.5640520215650442], false, true, [115, 125]], "41": [[-2.6427017606825918, 6.028645166506827], false, true, [36, 46, 31]], "42": [[4.62407753888571, 11.232417137585136], false, true, [37, 47]], "43": [[-0.964965995897205, 10.359151790567799], false, true, [38, 48]], "44": [[-4.5672763735136916, 10.511991390529829], false, true, [39, 49]], "45": [[0.25785851323119791, 5.8463148267935692], false, true, [17, 115, 19, 110]], "46": [[-3.2982143732610747, 6.8317773144750058], false, true, [41, 50, 139]], "47": [[5.2135498123564075, 12.040205747810168], false, true, [42, 51]], "48": [[-1.7727546061222363, 10.948624064038496], false, true, [43, 52]], "49": [[-5.3750649837387225, 11.101463664000526], false, true, [44, 53]], "50": [[-4.4004393329052611, 7.9052106211308182], false, true, [46, 54, 134]], "51": [[5.8030220858271049, 12.8479943580352], false, true, [47]], "52": [[-2.5805432163472677, 11.538096337509193], false, true, [48, 55, 143]], "53": [[-6.1828535939637534, 11.690935937471224], false, false, [49, 56, 57]], "54": [[-5.2289998768412156, 8.6365805740899955], false, true, [50, 58, 137]], "55": [[-3.388331826572299, 12.127568610979891], false, true, [52, 59]], "56": [[-6.9906422041887843, 12.280408210941921], false, true, [53, 65]], "57": [[-5.593381320493056, 12.498724547696256], false, true, [53, 59]], "58": [[-6.3363670402143066, 9.4781573064859153], false, true, [54, 61]], "59": [[-4.1961204367973304, 12.717040884450588], false, true, [55, 57, 62]], "60": [[-8.1868341098181183, 12.918474721736782], false, true, [65]], "61": [[-6.7940991535391753, 10.31741508043107], false, true, [58, 63]], "62": [[-3.1913623825014792, 13.132833821176838], false, true, [59, 64]], "63": [[-7.5642436963726025, 11.261133960644608], false, false, [61, 65, 66]], "64": [[-2.0470877972070767, 13.053622688637732], false, true, [62, 67]], "65": [[-8.050794767644712, 12.845909318156538], false, false, [63, 60, 56]], "66": [[-8.6740465358530994, 10.227727306497368], false, true, [63, 68]], "67": [[-0.78856403057531876, 12.411436196208903], false, true, [64, 69]], "68": [[-9.0236851617287979, 9.3656475692186056], false, true, [66, 70]], "69": [[0.10217419142278716, 11.95691950798761], false, true, [67, 71]], "70": [[-8.9635492985246081, 7.9772068772744777], false, true, [68, 72]], "71": [[0.99291241342089342, 11.502402819766317], false, true, [69, 73, 170]], "72": [[-9.064763598946298, 7.0991895263122018], false, true, [70, 74]], "73": [[1.8836506354189999, 11.047886131545024], false, true, [71, 75, 178]], "74": [[-9.2895726818670781, 5.7769758535540632], false, true, [72, 76]], "75": [[2.7743888574171063, 10.593369443323731], false, true, [73, 37, 176]], "76": [[-9.7799417512131832, 4.8780532193708819], false, true, [74, 77, 179]], "77": [[-10.0099276997378, 3.6870082003033406], false, true, [76, 78]], "78": [[-10.211547047298748, 2.5702353601867118], false, true, [77, 79]], "79": [[-10.351688063365961, 1.3643581130591735], false, true, [78, 80]], "80": [[-10.120561242970203, 0.32315035189377861], false, true, [79, 81, 185]], "81": [[-9.5936064101234297, -0.41243670799959875], false, true, [80, 82]], "82": [[-8.6229371312328418, -1.5478777180166126], false, true, [81, 83, 182]], "83": [[-7.6973329496217708, -2.7181539733386635], false, true, [82, 84, 184]], "84": [[-6.7549977596578268, -3.3633733459851785], false, true, [83, 85, 166, 186]], "85": [[-5.9213022497292824, -4.2869425124224847], false, true, [84]], "86": [[2.1421944072558512, 2.1066458054418895], true, false, [5, 87, 88, 92]], "87": [[1.3421944072558514, 1.5066458054418894], true, false, [86, 4, 89, 96]], "88": [[2.942194407255851, 2.7066458054418896], true, false, [86, 90, 6, 95]], "89": [[0.74219440725585117, 2.3066458054418892], true, false, [87, 91, 92]], "90": [[2.3421944072558509, 3.5066458054418894], true, false, [88, 92, 93, 100]], "91": [[-0.057805592744148648, 1.7066458054418892], true, false, [89, 96]], "92": [[1.5421944072558511, 2.9066458054418893], true, false, [89, 90, 86, 97]], "93": [[3.1421944072558508, 4.1066458054418895], true, false, [90, 13, 95]], "94": [[5.2646403302489775, 4.4484802476867369], true, false, [8, 9, 98]], "95": [[3.6936863559958599, 3.1146082103454882], true, false, [9, 93, 88]], "96": [[0.54219440725585155, 0.90664580544188922], true, false, [91, 87, 0]], "97": [[0.94219440725585091, 3.7066458054418892], true, false, [92, 99, 100, 110]], "98": [[4.6597190446347483, 5.2447655220770324], true, false, [94, 11, 101, 111]], "99": [[0.14219440725585109, 3.1066458054418891], true, false, [97, 103]], "100": [[1.7421944072558508, 4.3066458054418897], true, false, [97, 104, 90]], "101": [[5.4560043190250438, 5.8496868076912616], true, false, [98, 105, 106]], "102": [[6.8646403302489771, 5.648480247686738], true, false, [12, 106, 107]], "103": [[-0.45780559274414911, 3.9066458054418889], true, false, [99, 109, 110]], "104": [[1.1421944072558503, 5.1066458054418895], true, false, [100, 110, 15]],