{"0": [[0.0, 0.0], false, false, [1]], "1": [[1.0, 0.0], false, true, [0, 4, 42, 46]], "2": [[0.0, -2.0], false, true, [3, 5, 40, 41]], "3": [[0.0, -3.0], false, false, [2, 101]], "4": [[2.0, 0.0], false, true, [1, 6, 44]], "5": [[-0.49589058398100727, -1.021309612164659], false, true, [2, 7, 41, 79]], "6": [[3.0, 0.0], false, true, [4, 47, 58]], "7": [[-0.81226612493101424, 0.31527327216237211], false, false, [5, 8, 9]], "8": [[-1.0426059606350091, 1.2883835228985652], false, true, [7, 10, 52]], "9": [[-1.7853763756672074, 0.084933436458377198], false, true, [7, 11]], "10": [[-1.2729457963390041, 2.2614937736347582], false, true, [8, 12]], "11": [[-2.4690571586665411, -0.40363598755757951], false, true, [9, 13, 79]], "12": [[-1.503285632042999, 3.2346040243709515], false, true, [10, 14, 120]], "13": [[-2.9042610126593682, -1.2974648544503682], false, true, [11, 67, 68, 91]], "14": [[-1.733625467746994, 4.2077142751071444], false, true, [12, 146, 212]], "15": [[-2.9278828367863858, -2.8608259214609806], false, true, [16, 91, 95]], "16": [[-2.8953633531423919, -3.697910863787337], false, true, [15, 17, 94, 95]], "17": [[-3.2636126292456393, -5.0592832060721245], false, true, [16, 18, 111, 143]], "18": [[-3.6676228053281781, -5.7764314134619577], false, false, [17, 19, 20, 154]], "19": [[-4.6095685018055175, -6.6741113809932973], false, true, [18, 144, 157]], "20": [[-5.0625893232076269, -5.4570034962288059], false, true, [18, 22, 129]], "21": [[-5.7659549982470342, -7.2900644100620955], false, true, [23, 156, 157, 168]], "22": [[-5.8905199638061809, -5.7041090916348631], false, true, [20, 24, 157]], "23": [[-6.6485570503942188, -7.7601852642534173], false, true, [21, 25]], "24": [[-6.8487509924781573, -5.9901043637815299], false, true, [22, 26, 168]], "25": [[-7.5311591025414035, -8.230306118444739], false, true, [23, 27]], "26": [[-7.8069820211501337, -6.2760996359281966], false, true, [24, 28, 168]], "27": [[-8.4137611546885882, -8.7004269726360608], false, true, [25, 29]], "28": [[-8.7652130498221101, -6.5620949080748634], false, true, [26, 30]], "29": [[-9.2963632068357729, -9.1705478268273826], false, true, [27, 31]], "30": [[-9.7234440784940865, -6.8480901802215302], false, true, [28, 32]], "31": [[-10.178965258982958, -9.6406686810187043], false, false, [29, 33, 34]], "32": [[-10.681675107166063, -7.1340854523681969], false, true, [30, 35]], "33": [[-11.061567311130142, -10.110789535210026], false, true, [31, 36]], "34": [[-10.649086113174279, -8.7580666288715197], false, true, [31, 37]], "35": [[-11.639906135838039, -7.4200807245148637], false, true, [32, 38, 37]], "36": [[-11.944169363277327, -10.580910389401348], false, true, [33, 39]], "37": [[-11.119206967365601, -7.875464576724335], false, true, [34, 35]], "38": [[-12.598137164510016, -7.7060759966615304], false, true, [35]], "39": [[-12.826771415424512, -11.05103124359267], false, true, [36]], "40": [[0.901025884715703, -1.5856855059985271], true, false, [2, 42, 43, 48]], "41": [[-0.98573529375945901, -2.0597133354630457], true, false, [2, 5, 93]], "42": [[0.48325128741935186, -0.67713479973394464], true, false, [40, 1]], "43": [[1.3188004820120542, -2.4942362122631097], true, false, [40, 45, 55]], "44": [[2.0, 1.0], true, false, [4, 46, 47, 56]], "45": [[2.2273511882766366, -2.0764616149667585], true, false, [43, 48, 49, 60]], "46": [[1.0, 1.0], true, false, [44, 1, 50]], "47": [[3.0, 1.0], true, false, [44, 6, 51, 64]], "48": [[1.8095765909802854, -1.1679109087021762], true, false, [45, 40, 53]], "49": [[2.6451257855729877, -2.9850123212313409], true, false, [45, 54, 55, 71]], "50": [[1.0, 2.0], true, false, [46, 56, 73]], "51": [[4.0, 1.0], true, false, [47, 57, 58, 76]], "52": [[-2.0157162113712022, 1.0580436871945702], true, false, [8, 59, 186]], "53": [[2.7181272972448678, -0.75013631140582504], true, false, [48, 60]], "54": [[3.5536764918375701, -2.5672377239349897], true, false, [49, 61]], "55": [[1.7365750793084054, -3.402786918527692], true, false, [49, 62, 43]], "56": [[2.0, 2.0], true, false, [50, 63, 44]], "57": [[4.0, 2.0], true, false, [51, 64, 65, 87]], "58": [[4.0, 0.0], true, false, [51, 66, 6, 69]], "59": [[-2.2460560470751973, 2.0311539379307635], true, false, [52]], "60": [[3.1359018945412189, -1.6586870176704074], true, false, [53, 69, 45]], "61": [[3.9714510891339212, -3.4757884301995721], true, false, [54, 70, 71, 97]], "62": [[2.1543496766047565, -4.3113376247922748], true, false, [55, 71, 72, 99]], "63": [[2.0, 3.0], true, false, [56, 73, 74, 103]], "64": [[3.0, 2.0], true, false, [57, 47, 74]], "65": [[5.0, 2.0], true, false, [57, 75, 76, 106]], "66": [[5.0, 0.0], true, false, [58, 77, 107]], "67": [[-3.829994904506639, -0.97142486930249228], true, false, [13, 78, 110]], "68": [[-1.9861954937538828, -1.6556596540434643], true, false, [13, 79, 80]], "69": [[4.0444526008058013, -1.2409124203740562], true, false, [60, 58, 81]], "70": [[4.8800017953985035, -3.0580138329032209], true, false, [61, 81, 82, 114]], "71": [[3.0629003828693389, -3.8935630274959236], true, false, [62, 61, 49, 118]], "72": [[1.245798970340174, -4.7291122220886255], true, false, [62, 83, 84, 119]], "73": [[1.0, 3.0], true, false, [63, 50, 85, 120]], "74": [[3.0, 3.0], true, false, [63, 64, 122]], "75": [[5.0, 3.0], true, false, [65, 86, 87, 88]], "76": [[5.0, 1.0], true, false, [65, 89, 51]], "77": [[5.0, -1.0], true, false, [66, 90, 96]], "78": [[-4.1621901373942922, -1.9146355176980232], true, false, [67, 92, 112, 126]], "79": [[-1.6227187670001406, -0.7240563752233512], true, false, [68, 11, 5]], "80": [[-2.349672220507625, -2.5872629328635774], true, false, [68, 93, 91]], "81": [[4.4622271981021528, -2.1494631266386386], true, false, [69, 70, 96]], "82": [[5.2977763926948551, -3.9665645391678033], true, false, [70, 97, 132]], "83": [[1.6635735676365246, -5.6376629283532083], true, false, [72, 98, 99, 100]], "84": [[0.82802437304382326, -3.8205615158240427], true, false, [72, 101]], "85": [[1.0, 4.0], true, false, [73, 102, 103, 135]], "86": [[5.0, 4.0], true, false, [75, 104, 105]], "87": [[4.0, 3.0], true, false, [75, 57, 104]], "88": [[6.0, 3.0], true, false, [75, 105, 106]], "89": [[6.0, 1.0], true, false, [76, 106, 107, 138]], "90": [[6.0, -1.0], true, false, [77, 107, 108, 131]], "91": [[-2.9201955863305811, -2.3520613141917779], false, false, [15, 13, 80, 112]], "92": [[-5.1054007857898229, -1.58244028481037], true, false, [78, 109, 110]], "93": [[-1.4180689416875119, -2.9507396596173194], true, false, [80, 41, 95]], "94": [[-3.8656259751358677, -3.4805846001827003], true, false, [16, 111, 112]], "95": [[-1.900435414654575, -3.6972551367990563], true, false, [16, 93, 113, 15, 143]], "96": [[5.3707779043667356, -1.7316885293422877], true, false, [81, 77, 114, 108]], "97": [[4.3892256864302723, -4.3843391364641544], true, false, [82, 115, 61]], "98": [[2.0813481649328756, -6.546213634617791], true, false, [83, 116, 117]], "99": [[2.5721242739011076, -5.2198883310568576], true, false, [83, 118, 62, 116]], "100": [[0.75502286137194186, -6.0554375256495589], true, false, [83, 117, 119]], "101": [[-0.080526333220759527, -4.2383361131203934], true, false, [84, 119, 3, 142]], "102": [[0.0, 4.0], true, false, [85, 120, 121, 146]], "103": [[2.0, 4.0], true, false, [85, 122, 123, 63]], "104": [[4.0, 4.0], true, false, [86, 87, 122]], "105": [[6.0, 4.0], true, false, [86, 88]], "106": [[6.0, 2.0], true, false, [88, 89, 65, 124]], "107": [[6.0, 0.0], true, false, [89, 90, 66, 125]], "108": [[6.0, -2.0], true, false, [90, 96]], "109": [[-5.4375960186774766, -2.5256509332059007], true, false, [92, 126, 127, 149]], "110": [[-4.7732055529021693, -0.6392296364148391], true, false, [92, 128, 67]], "111": [[-4.0841972408858336, -4.4564055887807408], true, false, [94, 17, 129]], "112": [[-3.5622049278003365, -2.1259480455721054], false, false, [94, 91, 78]], "113": [[-1.0605200930387411, -4.2399726070494346], true, false, [95, 130]],