{"0": [[0.0, 0.0], false, false, [1, 5, 46]], "1": [[1.0, 0.0], false, true, [0, 4, 6]], "2": [[0.0, -2.0], false, true, [3, 5]], "3": [[0.0, -3.0], false, false, [2]], "4": [[2.0, 0.0], false, true, [1, 7]], "5": [[-0.079023550932045716, -0.60943899686712033], false, true, [2, 0, 6, 98]], "6": [[1.0, -1.0], true, false, [1, 7, 5, 10]], "7": [[2.0, -1.0], true, false, [6, 4, 8, 11]], "8": [[2.0, -2.0], true, false, [7, 9, 10]], "9": [[3.0, -2.0], true, false, [8, 11, 12, 17]], "10": [[1.0, -2.0], true, false, [8, 13, 6]], "11": [[3.0, -1.0], true, false, [9, 7, 14, 19]], "12": [[3.0, -3.0], true, false, [9, 22]], "13": [[1.0, -3.0], true, false, [10, 15, 23]], "14": [[4.0, -1.0], true, false, [11, 16, 17]], "15": [[2.0, -3.0], true, false, [13, 18]], "16": [[4.0, 0.0], true, false, [14, 19, 20, 30]], "17": [[4.0, -2.0], true, false, [14, 21, 9, 32]], "18": [[2.0, -4.0], true, false, [15, 22, 23, 61]], "19": [[3.0, 0.0], true, false, [16, 11, 24]], "20": [[5.0, 0.0], true, false, [16, 25, 26]], "21": [[5.0, -2.0], true, false, [17, 27]], "22": [[3.0, -4.0], true, false, [18, 12, 36]], "23": [[1.0, -4.0], true, false, [18, 28, 13]], "24": [[3.0, 1.0], true, false, [19, 29, 30]], "25": [[5.0, 1.0], true, false, [20, 30, 31, 39]], "26": [[5.0, -1.0], true, false, [20]], "27": [[5.0, -3.0], true, false, [21, 32]], "28": [[1.0, -5.0], true, false, [23, 132]], "29": [[2.0, 1.0], true, false, [24, 33]], "30": [[4.0, 1.0], true, false, [24, 25, 16, 34]], "31": [[6.0, 1.0], true, false, [25, 35]], "32": [[4.0, -3.0], true, false, [27, 36, 17]], "33": [[2.0, 2.0], true, false, [29, 37, 38]], "34": [[4.0, 2.0], true, false, [30, 39]], "35": [[6.0, 2.0], true, false, [31, 40]], "36": [[4.0, -4.0], true, false, [32, 41, 22, 48]], "37": [[1.0, 2.0], true, false, [33, 42, 43, 49]], "38": [[3.0, 2.0], true, false, [33, 44]], "39": [[5.0, 2.0], true, false, [34, 25]], "40": [[7.0, 2.0], true, false, [35]], "41": [[5.0, -4.0], true, false, [36, 45]], "42": [[1.0, 1.0], true, false, [37, 46]], "43": [[1.0, 3.0], true, false, [37]], "44": [[3.0, 3.0], true, false, [38, 47]], "45": [[5.0, -5.0], true, false, [41, 48]], "46": [[0.0, 1.0], true, false, [42, 0, 49, 54]], "47": [[4.0, 3.0], true, false, [44]], "48": [[4.0, -5.0], true, false, [45, 50, 36, 57]], "49": [[0.0, 2.0], true, false, [46, 51, 37]], "50": [[4.0, -6.0], true, false, [48, 52, 53]], "51": [[-1.0, 2.0], true, false, [49, 54, 55, 63]], "52": [[5.0, -6.0], true, false, [50, 56]], "53": [[3.0, -6.0], true, false, [50, 57, 66]], "54": [[-1.0, 1.0], true, false, [51, 46, 58]], "55": [[-1.0, 3.0], true, false, [51, 59, 60, 70]], "56": [[5.0, -7.0], true, false, [52]], "57": [[3.0, -5.0], true, false, [53, 61, 48]], "58": [[-2.0, 1.0], true, false, [54, 62, 63, 72]], "59": [[-2.0, 3.0], true, false, [55, 63, 64]], "60": [[0.0, 3.0], true, false, [55, 65]], "61": [[2.0, -5.0], true, false, [57, 66, 18]], "62": [[-2.0, 0.0], true, false, [58, 67, 77]], "63": [[-2.0, 2.0], true, false, [58, 59, 51, 68]], "64": [[-2.0, 4.0], true, false, [59, 69, 70]], "65": [[0.0, 4.0], true, false, [60, 70, 83]], "66": [[2.0, -6.0], true, false, [61, 53]], "67": [[-3.0, 0.0], true, false, [62, 71, 72]], "68": [[-3.0, 2.0], true, false, [63]], "69": [[-3.0, 4.0], true, false, [64, 73, 74, 75]], "70": [[-1.0, 4.0], true, false, [64, 65, 55, 76]], "71": [[-3.0, -1.0], true, false, [67, 77, 78]], "72": [[-3.0, 1.0], true, false, [67, 58]], "73": [[-4.0, 4.0], true, false, [69, 79, 80]], "74": [[-3.0, 3.0], true, false, [69]], "75": [[-3.0, 5.0], true, false, [69, 80, 81]], "76": [[-1.0, 5.0], true, false, [70, 82, 81, 83]], "77": [[-2.0, -1.0], true, false, [71, 62, 84, 98]], "78": [[-4.0, -1.0], true, false, [71, 85, 86, 101]], "79": [[-4.0, 3.0], true, false, [73, 87]], "80": [[-4.0, 5.0], true, false, [73, 75, 88]], "81": [[-2.0, 5.0], true, false, [75, 76, 89]], "82": [[-1.0, 6.0], true, false, [76, 89, 90]], "83": [[0.0, 5.0], true, false, [76, 65]], "84": [[-2.0, -2.0], true, false, [77, 91, 92, 106]], "85": [[-4.0, -2.0], true, false, [78, 92, 93]], "86": [[-4.0, 0.0], true, false, [78, 94]], "87": [[-5.0, 3.0], true, false, [79, 95]], "88": [[-5.0, 5.0], true, false, [80]], "89": [[-2.0, 6.0], true, false, [81, 82, 96]], "90": [[0.0, 6.0], true, false, [82, 97]], "91": [[-1.0, -2.0], true, false, [84, 98, 99]], "92": [[-3.0, -2.0], true, false, [84, 85]], "93": [[-5.0, -2.0], true, false, [85, 100, 113]], "94": [[-5.0, 0.0], true, false, [86, 101, 102]], "95": [[-5.0, 2.0], true, false, [87, 103]], "96": [[-2.0, 7.0], true, false, [89, 104]], "97": [[0.0, 7.0], true, false, [90, 105]], "98": [[-1.0, -1.0], true, false, [91, 77, 5]], "99": [[-1.0, -3.0], true, false, [91, 106]], "100": [[-5.0, -3.0], true, false, [93, 107]], "101": [[-5.0, -1.0], true, false, [94, 78, 108]], "102": [[-5.0, 1.0], true, false, [94]], "103": [[-6.0, 2.0], true, false, [95, 109, 110]], "104": [[-3.0, 7.0], true, false, [96]], "105": [[1.0, 7.0], true, false, [97, 111]], "106": [[-2.0, -3.0], true, false, [99, 112, 84, 123]], "107": [[-6.0, -3.0], true, false, [100, 124]], "108": [[-6.0, -1.0], true, false, [101, 113]], "109": [[-6.0, 1.0], true, false, [103, 114]], "110": [[-6.0, 3.0], true, false, [103, 115]], "111": [[1.0, 8.0], true, false, [105]], "112": [[-2.0, -4.0], true, false, [106, 116, 117, 128]], "113": [[-6.0, -2.0], true, false, [108, 93, 118]], "114": [[-7.0, 1.0], true, false, [109, 119]], "115": [[-7.0, 3.0], true, false, [110, 120]], "116": [[-1.0, -4.0], true, false, [112, 121]], "117": [[-3.0, -4.0], true, false, [112, 122, 123]], "118": [[-7.0, -2.0], true, false, [113, 124, 125]], "119": [[-7.0, 0.0], true, false, [114]], "120": [[-7.0, 2.0], true, false, [115, 126]], "121": [[-1.0, -5.0], true, false, [116, 127, 128]], "122": [[-3.0, -5.0], true, false, [117]], "123": [[-3.0, -3.0], true, false, [117, 129, 106]], "124": [[-7.0, -3.0], true, false, [118, 107]], "125": [[-7.0, -1.0], true, false, [118]], "126": [[-8.0, 2.0], true, false, [120]], "127": [[-1.0, -6.0], true, false, [121, 130]], "128": [[-2.0, -5.0], true, false, [121, 131, 112]], "129": [[-4.0, -3.0], true, false, [123]], "130": [[0.0, -6.0], true, false, [127, 132, 133]], "131": [[-2.0, -6.0], true, false, [128]], "132": [[0.0, -5.0], true, false, [130, 28]], "133": [[0.0, -7.0], true, false, [130]]}