{"0": [[0.0, 0.0], false, false, [1, 5, 46, 80]], "1": [[1.0, 0.0], false, true, [0, 4, 44, 45, 50]], "2": [[0.0, -2.0], false, true, [3, 5]], "3": [[0.0, -3.0], false, false, [2, 79]], "4": [[2.3549040921004112, 0.45353955172104993], false, true, [1, 6, 48, 47, 54]], "5": [[0.20809866092142887, -1.1604474211039371], false, true, [2, 0, 44, 129]], "6": [[3.6654872682619359, 0.66525295353295422], false, true, [4, 7, 51]], "7": [[4.4306560402278397, 1.1338053148664027], false, true, [6, 8, 56, 55]], "8": [[5.5134584842849765, 1.209257108314495], false, false, [7, 9, 10]], "9": [[6.8879720900454613, 1.1680128243975794], false, true, [8, 11, 64]], "10": [[5.3427897225817462, 0.34055404138383161], false, true, [8, 12, 56]], "11": [[8.340245183400274, 0.99130536406752812], false, true, [9, 13]], "12": [[4.6805593861368067, -1.0116506526551281], false, true, [10, 14, 52]], "13": [[9.4586448035324757, 1.4608081792993795], false, true, [11, 15, 73]], "14": [[3.7347097384513179, -2.2208032351877529], false, true, [12, 16, 60]], "15": [[10.129969882598063, 2.1481576262465305], false, true, [13]], "16": [[3.0912801577082325, -3.4200124501256326], false, false, [14, 17, 69]], "17": [[3.1091704548608292, -4.3574596511217401], false, true, [16, 18, 84]], "18": [[3.1196763713293212, -5.4693756356818444], false, true, [17, 91, 85, 108]], "19": [[2.7250603239783855, -6.8851683885518771], false, true, [20, 99, 108]], "20": [[2.1700818033864806, -7.9172977139537242], false, true, [19, 21]], "21": [[1.16226297161904, -8.6798745609976198], false, true, [20, 22]], "22": [[0.53914075689420871, -9.4433634750012789], false, true, [21, 23]], "23": [[-0.49604517423617234, -9.913670433649477], false, true, [22, 24]], "24": [[-2.058133587809003, -9.9191120111985551], false, false, [23, 25, 26]], "25": [[-3.4019597293908896, -9.8679728202858517], false, true, [24, 27]], "26": [[-2.2777038655191832, -8.6674636677049488], false, true, [24, 28]], "27": [[-4.7683715962453306, -10.25425981046317], false, false, [25, 29]], "28": [[-2.923250806451076, -7.4039929772269595], false, true, [26, 30]], "29": [[-5.0524546482749191, -8.7916695844984503], false, true, [27, 31]], "30": [[-3.5193819209194372, -6.7170419308662046], false, true, [28, 32, 144]], "31": [[-5.5511400865377549, -7.4019733763509103], false, true, [29, 33]], "32": [[-4.0780299234136024, -5.4097300747926411], false, true, [30, 34, 146]], "33": [[-6.1458809427533705, -6.4099757099576999], false, true, [31, 35]], "34": [[-4.5431407979597163, -3.8892502319531648], false, true, [32, 36, 138, 145, 147]], "35": [[-6.7027085095133456, -5.6389675646409811], false, true, [33, 37]], "36": [[-5.5294383330892929, -2.7972641860571739], false, true, [34, 38, 145]], "37": [[-6.9336500068289331, -4.5651409041630462], false, true, [35, 39]], "38": [[-6.339823313972266, -2.2440722695084192], false, true, [36, 40]], "39": [[-7.0011726311195446, -3.0817663883066104], false, true, [37, 40]], "40": [[-7.6117281822455327, -1.7628775825949867], false, true, [38, 39, 41, 150]], "41": [[-8.5989596739865721, -1.0243819817721924], false, true, [40, 42, 148]], "42": [[-9.2080165469503683, 0.17561165357892206], false, true, [41, 43, 149]], "43": [[-9.9524985867221147, 0.7587465088273615], false, true, [42]], "44": [[1.0345263365482453, -0.99437473563302348], true, false, [1, 5]], "45": [[0.77321686079288177, 0.96305095647114924], true, false, [1, 46, 47]], "46": [[-0.20015907370120467, 0.73383644962709293], true, false, [45, 0]], "47": [[1.7465927952869682, 1.1922654633152057], true, false, [45, 4]], "48": [[2.5890363563365444, -0.51526685934902972], true, false, [4, 49, 50, 57]], "49": [[3.5610538925935531, -0.28035855977480351], true, false, [48, 52]], "50": [[1.6170188200795357, -0.75017515892325592], true, false, [48, 53, 1]], "51": [[3.3273502196635301, 1.5862634020687587], true, false, [6, 54, 55, 62]], "52": [[3.7959621921677793, -1.2523760960318124], true, false, [49, 12, 57]], "53": [[1.8519271196537619, -1.7221926951802649], true, false, [50, 57, 65]], "54": [[2.3886167002136673, 1.241619557700004], true, false, [51, 4, 58]], "55": [[4.2660837391133928, 1.9309072464375134], true, false, [51, 7, 59]], "56": [[4.6002666458657746, 0.16823420381112864], true, false, [7, 10]], "57": [[2.8239446559107702, -1.4872843956060386], true, false, [52, 53, 48, 60]], "58": [[2.0439728558449124, 2.1803530771498667], true, false, [54, 61, 62, 71]], "59": [[5.2454282558615164, 2.13310595443384], true, false, [55, 63]], "60": [[3.0588529554849964, -2.4593019318630476], true, false, [57, 14, 65]], "61": [[1.1052393363950497, 1.8357092327811118], true, false, [58, 66, 75]], "62": [[2.9827063752947751, 2.5249969215186217], true, false, [58, 67, 51]], "63": [[5.0432295478651898, 3.1124504711819641], true, false, [59, 68]], "64": [[6.8238895663417152, 0.17104272761520267], true, false, [9]], "65": [[2.0868354192279872, -2.6942102314372738], true, false, [60, 69, 53, 79]], "66": [[0.76059549202629473, 2.7744427522309745], true, false, [61, 70, 71]], "67": [[2.6380625309260202, 3.4637304409684844], true, false, [62, 71, 72, 83]], "68": [[4.0638850311170662, 2.9102517631856375], true, false, [63, 72]], "69": [[2.3217437188022134, -3.6662277676942825], true, false, [65, 16, 74, 85]], "70": [[-0.17813802742356799, 2.4297989078622195], true, false, [66, 75, 76, 87]], "71": [[1.6993290114761574, 3.1190865965997294], true, false, [66, 67, 58, 77]], "72": [[3.5767960503758829, 3.8083742853372393], true, false, [67, 68]], "73": [[10.148737753214899, 0.74487765925631255], true, false, [13]], "74": [[1.3497261825452045, -3.9011360672685087], true, false, [69, 78, 79, 94]], "75": [[0.16650581694518696, 1.4910653884123568], true, false, [70, 61, 80]], "76": [[-0.52278187179232294, 3.3685324273120822], true, false, [70, 81, 82, 97]], "77": [[1.3546851671074025, 4.0578201160495926], true, false, [71, 82, 83]], "78": [[1.5846344821194307, -4.8731536035255179], true, false, [74, 85, 86]], "79": [[1.1148178829709783, -2.9291185310114995], true, false, [74, 3, 65]], "80": [[-0.77222770250467576, 1.1464215440436019], true, false, [75, 0, 87, 103]], "81": [[-1.4615153912421857, 3.0238885829433273], true, false, [76, 87, 88, 104]], "82": [[0.41595164765753978, 3.7131762716808372], true, false, [76, 77, 89]], "83": [[2.2934186865572652, 4.4024639604183475], true, false, [77, 90, 67]], "84": [[4.1091059662114606, -4.3466198335074235], true, false, [17, 91]], "85": [[2.5566520183764396, -4.6382453039512921], true, false, [78, 69, 18]], "86": [[0.61261694586242177, -5.1080619030997436], true, false, [78, 92, 93, 94]], "87": [[-1.1168715468734307, 2.0851550634934646], true, false, [80, 81, 70, 95]], "88": [[-1.8061592356109406, 3.96262210239319], true, false, [81, 96, 97, 115]], "89": [[0.071307803288784444, 4.6519097911306995], true, false, [82, 97, 116]], "90": [[1.9487748421885103, 5.3411974798682103], true, false, [83]], "91": [[4.1199458460007641, -5.3465610802845296], true, false, [84, 18, 98]], "92": [[-0.35940059039458727, -5.3429702026739694], true, false, [86, 100, 101, 117]], "93": [[0.84752524543664753, -6.0800794393567523], true, false, [86, 102, 100]], "94": [[0.377708646288196, -4.1360443668427349], true, false, [86, 74, 101]], "95": [[-2.0556050663232934, 1.7405112191247096], true, false, [87, 103, 120]], "96": [[-2.7448927550608033, 3.6179782580244351], true, false, [88, 104, 105]], "97": [[-0.86742571616107789, 4.3072659467619445], true, false, [88, 89, 76, 106]], "98": [[4.2418121660304742, -6.3391076031450027], true, false, [91, 107, 108]], "99": [[1.7662192667167633, -6.6056414647741875], true, false, [19, 109, 102]], "100": [[-0.12449229082036151, -6.3149877389309781], true, false, [92, 93, 110]], "101": [[-0.59430888996881304, -4.3709526664169607], true, false, [92, 111, 94, 124]], "102": [[1.8195427816936567, -5.8451711397825266], true, false, [93, 99]], "103": [[-1.7109612219545385, 0.80177769967484691], true, false, [95, 80, 112, 125]],