{"0": [[0.0, 0.0], false, false, [1, 5]], "1": [[1.0, 0.0], false, true, [0, 4, 5]], "2": [[0.0, -2.0], false, true, [3, 5]], "3": [[0.0, -3.0], false, false, [2]], "4": [[2.3076282568325617, -0.25081575931076755], false, true, [1, 6, 18, 32]], "5": [[0.68921324139830598, -0.62608141724544875], false, true, [2, 1, 0]], "6": [[3.5377538594370588, -0.98279207555255055], false, true, [4, 7, 17]], "7": [[4.5756299040169575, -2.018178645497068], false, true, [6, 8, 19]], "8": [[5.0862498354499461, -2.782614789986583], false, true, [7, 9, 30]], "9": [[5.3243891695797734, -3.9761182159082793], false, true, [8, 10, 25]], "10": [[5.2812391528844582, -5.4485357217058024], false, true, [9, 11, 31]], "11": [[5.2167414569786272, -6.760958691717283], false, true, [10, 12]], "12": [[5.4109698278304199, -7.6347924624070647], false, true, [11, 13]], "13": [[5.1760233974723322, -9.1109120211960501], false, true, [12, 14]], "14": [[4.8600915817566754, -10.011176187079068], false, true, [13, 15]], "15": [[4.0675118595734387, -10.802727071218911], false, true, [14, 16]], "16": [[2.9732164003523227, -11.82087965152331], false, true, [15]], "17": [[4.2283131287116866, -0.26264137456081493], true, false, [6, 18, 19, 23]], "18": [[3.5065326611531522, 0.42948069317794968], true, false, [17, 4, 20, 26]], "19": [[4.9500935962702215, -0.95476344229957955], true, false, [17, 21, 7]], "20": [[4.1986547288919169, 1.1512611607364842], true, false, [18, 22, 23, 34]], "21": [[5.6422156640089858, -0.23298297474104468], true, false, [19, 23, 24, 35]], "22": [[3.4768742613333821, 1.8433832284752492], true, false, [20, 26, 27, 40]], "23": [[4.9204351964504518, 0.45913909299771938], true, false, [20, 21, 17]], "24": [[6.3639961315675206, -0.92510504247980907], true, false, [21, 28, 29]], "25": [[6.3134443190776519, -3.880253752814284], true, false, [9, 30, 31]], "26": [[2.7847521935946173, 1.1216027609167147], true, false, [22, 32, 18, 46]], "27": [[4.1689963290721463, 2.5651636960337836], true, false, [22, 33, 34]], "28": [[7.0561181993062849, -0.2033245749212742], true, false, [24, 35, 36, 49]], "29": [[5.6718740638287564, -1.6468855100383439], true, false, [24, 30, 43]], "30": [[6.2169711231234093, -2.8849181699768298], true, false, [25, 29, 37, 8]], "31": [[6.4099175150318946, -4.8755893356517381], true, false, [25, 38, 10, 52]], "32": [[2.0926301258558526, 0.3998222933581802], true, false, [26, 4, 39]], "33": [[3.4472158615136115, 3.2572857637725483], true, false, [27, 40]], "34": [[4.8907767966306812, 1.8730416282950189], true, false, [27, 41, 20]], "35": [[6.3343377317477501, 0.48879749281749019], true, false, [28, 21, 42]], "36": [[7.7778986668648198, -0.89544664266003859], true, false, [28, 43, 50]], "37": [[7.1321872909409159, -2.4819549381982497], true, false, [30, 43, 44]], "38": [[7.4052530978693483, -4.7791161396974955], true, false, [31, 45]], "39": [[1.370849658297318, 1.091944361096945], true, false, [32, 46]], "40": [[2.7550937937748468, 2.5355052962140134], true, false, [33, 22, 47]], "41": [[5.5828988643694455, 2.5948220958535537], true, false, [34, 48]], "42": [[7.0264597994865143, 1.2105779603760252], true, false, [35, 48, 49]], "43": [[7.0857765991260555, -1.6172271102185736], true, false, [36, 37, 29, 50]], "44": [[7.5351505227194959, -3.3971711060157563], true, false, [37]], "45": [[7.5017262938235909, -5.7744517225349492], true, false, [38, 51, 52]], "46": [[2.0629717260360829, 1.8137248286554797], true, false, [39, 53, 26]], "47": [[2.0333133262163119, 3.2276273639527782], true, false, [40, 53, 54]], "48": [[6.3046793319279804, 1.9027000281147894], true, false, [41, 42]], "49": [[7.7482402670450492, 0.51845589263726088], true, false, [42, 55, 28]], "50": [[8.0843394223338851, -1.5636333782417131], true, false, [43, 36, 56, 60]], "51": [[8.4970618766610446, -5.6779785265807066], true, false, [45, 57]], "52": [[6.5063907109861372, -5.8709249184891918], true, false, [45, 31]], "53": [[1.3411912584775485, 2.5058468963942446], true, false, [46, 47]], "54": [[2.7254353939550766, 3.949407831511313], true, false, [47]], "55": [[8.4403623347838135, 1.2402363601957958], true, false, [49]], "56": [[8.1379331543107458, -2.5621962014495434], true, false, [50, 58]], "57": [[8.400588680706802, -4.6826429437432529], true, false, [51, 59]], "58": [[9.1364959775185763, -2.5086024694726827], true, false, [56, 60]], "59": [[9.3959242635442557, -4.5861697477890102], true, false, [57]], "60": [[9.0829022455417157, -1.5100396462648524], true, false, [58, 50]]}