{"0": [[0.0, 0.0], false, false, [9]], "1": [[1.0, 0.0], false, false, [4, 5, 9]], "2": [[0.0, -2.0], false, true, [3, 6, 62, 20]], "3": [[0.0, -3.0], false, false, [2, 20]], "4": [[2.0842191247835373, 0.81316434358765399], false, true, [1, 7, 71]], "5": [[0.42019671714931495, 0.77307104380091263], false, true, [1, 18, 43]], "6": [[0.0, -0.87387657278039144], false, false, [2, 9, 10, 18, 23, 63]], "7": [[3.0713818876336134, 1.5535364157252118], false, true, [4, 11, 66, 67]], "8": [[-0.47701067096935534, 1.0205996148574152], false, true, [12, 43, 18, 68]], "9": [[0.22295795165497753, 0.0], false, false, [6, 0, 1]], "10": [[-1.5987549547761801, -0.87387657278039144], false, false, [6, 13, 14]], "11": [[3.7870611115927657, 2.0902958336945767], false, false, [7, 15, 16, 69]], "12": [[-1.5119471358500842, 0.74178122283875214], false, false, [8, 17, 18]], "13": [[-2.5203391158482882, -0.94528381818798146], false, true, [10, 19, 17]], "14": [[-1.5225601271644675, -1.8572494207562682], false, true, [10, 20, 23]], "15": [[5.0452358794701837, 3.0339269096026418], false, true, [11, 21, 82, 87, 88]], "16": [[3.0042073112602194, 3.1341009008046372], false, true, [11, 22, 67, 115]], "17": [[-2.2356042029835099, 0.0083417524665472254], false, false, [12, 13, 23, 200]], "18": [[-0.6133591885858064, -0.14482161863188048], false, false, [12, 6, 5, 8]], "19": [[-3.8007156624436238, -1.0444914284516984], false, true, [13, 24, 90, 194]], "20": [[-0.69531874324477361, -2.994775187837913], false, true, [14, 3, 2]], "21": [[6.1045567616928134, 3.8284175712696151], false, true, [15, 25, 79, 80]], "22": [[2.1609077812668955, 3.7863616628933414], false, true, [16, 26, 122]], "23": [[-1.2150825965821395, -0.33783050038374962], false, false, [17, 6, 14]], "24": [[-5.3861875647211512, -1.1673387884595623], false, true, [19, 60, 81]], "25": [[6.9045567616928132, 4.4284175712696161], false, true, [21, 28, 86, 89]], "26": [[1.046762796200261, 4.3170875499811023], false, true, [22, 91, 141]], "27": [[-6.8209955864703673, -1.2785122361484154], false, true, [30, 60, 108]], "28": [[7.704556761692813, 5.0284175712696166], false, false, [25, 31, 32]], "29": [[-0.20132755583300277, 4.5749190032406331], false, true, [33, 141]], "30": [[-7.9458131270763541, -1.3656666443441627], false, true, [27, 34, 101, 109]], "31": [[8.5045567616928128, 5.6284175712696172], false, true, [28, 35]], "32": [[8.3045567616928135, 4.2284175712696168], false, true, [28, 36]], "33": [[-1.0647397337374662, 4.542274626237309], false, false, [29, 38, 170]], "34": [[-9.3291890637893786, -2.046983356498377], false, true, [30, 39, 109, 209]], "35": [[9.3045567616928118, 6.2284175712696177], false, true, [31, 40, 117]], "36": [[8.9045567616928132, 3.428417571269617], false, true, [32, 41, 95]], "37": [[-2.2019363915515502, 4.3134848237117041], false, true, [42, 135, 170]], "38": [[-0.77632797825166899, 3.1087278475252829], false, true, [33, 72, 100]], "39": [[-10.434154733230853, -2.7835354963419565], false, true, [34, 44]], "40": [[10.104556761692811, 6.8284175712696182], false, true, [35, 45]], "41": [[9.5045567616928128, 2.6284175712696172], false, true, [36, 46]], "42": [[-3.4484838792721186, 3.7714039500502659], false, true, [37, 47, 125, 126]], "43": [[-0.34912422654451736, 0.98531730525410888], false, false, [8, 5, 72]], "44": [[-11.357002352940453, -3.6262868814123825], false, true, [39, 48]], "45": [[10.90455676169281, 7.4284175712696188], false, true, [40, 49]], "46": [[10.104556761692812, 1.8284175712696171], false, true, [41, 50, 137, 138]], "47": [[-4.3451050112015999, 3.0875492108073446], false, true, [42, 51, 134, 136]], "48": [[-12.207435625089637, -4.9047343271222861], false, true, [44, 52]], "49": [[11.704556761692809, 8.0284175712696193], false, true, [45, 53]], "50": [[10.704556761692812, 1.0284175712696171], false, true, [46, 54]], "51": [[-5.0492475834391533, 2.2902764590694948], false, true, [47, 55, 149, 146, 165]], "52": [[-13.152296134401384, -6.1326403920563894], false, true, [48]], "53": [[12.504556761692807, 8.6284175712696207], false, true, [49, 56]], "54": [[11.304556761692812, 0.22841757126961693], false, true, [50, 57]], "55": [[-5.6970125554266984, 1.2144776744926227], false, true, [51, 58, 156, 157]], "56": [[13.304556761692806, 9.2284175712696221], false, true, [53]], "57": [[11.904556761692811, -0.57158242873038334], false, true, [54, 59]], "58": [[-6.117832617638852, -0.0059063538559169793], false, true, [55, 60, 81]], "59": [[12.504556761692811, -1.3715824287303837], false, true, [57, 61, 174]], "60": [[-6.2673987362885395, -1.2356178073945452], false, false, [58, 27, 24]], "61": [[13.104556761692811, -2.171582428730384], false, true, [59]], "62": [[1.0, -2.0], true, false, [2, 63, 64]], "63": [[1.0, -1.0], true, false, [62, 6, 65]], "64": [[1.0, -3.0], true, false, [62]], "65": [[2.0, -1.0], true, false, [63, 78]], "66": [[3.6713818876336139, 0.75353641572521224], true, false, [7, 69, 70]], "67": [[2.4713818876336129, 2.3535364157252117], true, false, [7, 71, 16]], "68": [[-0.69131506091607575, 1.986034577545623], true, false, [8, 72, 199]], "69": [[4.4713818876336138, 1.3535364157252128], true, false, [66, 11, 73, 82]], "70": [[2.8713818876336141, 0.15353641572521171], true, false, [66, 74]], "71": [[1.6713818876336133, 1.7535364157252111], true, false, [67, 4, 75, 99]], "72": [[-0.55647777690565037, 2.0159653579800363], false, false, [68, 43, 38]], "73": [[5.0713818876336143, 0.55353641572521317], true, false, [69, 76, 77, 93]], "74": [[3.4713818876336147, -0.64646358427478789], true, false, [70, 77, 78, 94]], "75": [[1.0713818876336128, 2.553536415725211], true, false, [71]], "76": [[5.8713818876336141, 1.1535364157252137], true, false, [73, 82, 83, 96]], "77": [[4.2713818876336145, -0.046463584274787362], true, false, [73, 74, 84]], "78": [[2.6713818876336148, -1.2464635842747884], true, false, [74, 85, 65]], "79": [[6.7045567616928139, 3.0284175712696157], true, false, [21, 86, 87, 105]], "80": [[5.5045567616928128, 4.6284175712696145], true, false, [21, 88, 89, 107]], "81": [[-5.4634391681274987, -0.17032715875249194], true, false, [24, 58, 90, 157]], "82": [[5.2713818876336136, 1.9535364157252133], true, false, [76, 15, 69, 87]], "83": [[6.4713818876336147, 0.3535364157252141], true, false, [76, 92, 93, 112]], "84": [[4.871381887633615, -0.84646358427478696], true, false, [77, 93, 113]], "85": [[3.2713818876336154, -2.0464635842747878], true, false, [78, 94]], "86": [[7.5045567616928137, 3.6284175712696163], true, false, [79, 25, 95]], "87": [[5.9045567616928141, 2.4284175712696152], true, false, [79, 82, 15, 96]], "88": [[4.704556761692813, 4.028417571269614], true, false, [80, 15, 97, 115]], "89": [[6.3045567616928126, 5.228417571269615], true, false, [80, 98, 25]], "90": [[-4.4664275384204286, -0.093075555346144423], true, false, [81, 19]], "91": [[0.79664034954458518, 3.3538303072274083], true, false, [26, 99, 100]], "92": [[7.2713818876336145, 0.95353641572521464], true, false, [83, 96, 102, 114]], "93": [[5.6713818876336148, -0.24646358427478643], true, false, [83, 84, 73, 103]], "94": [[4.0713818876336152, -1.4464635842747873], true, false, [85, 74, 104]], "95": [[8.1045567616928142, 2.8284175712696165], true, false, [86, 36, 105, 120]], "96": [[6.5045567616928155, 1.6284175712696163], true, false, [87, 92, 76]], "97": [[4.1045567616928125, 4.8284175712696138], true, false, [88, 106, 107]], "98": [[5.7045567616928121, 6.0284175712696149], true, false, [89, 107]], "99": [[1.7645422013915952, 3.1025018265668818], true, false, [91, 71]], "100": [[-0.17126150230242487, 3.6051587878879348], true, false, [91, 38]], "101": [[-7.6051413529275163, -2.2904886756671958], true, false, [30, 108, 109]], "102": [[7.871381887633615, 0.15353641572521504], true, false, [92, 110, 111]], "103": [[6.2713818876336154, -1.046463584274786], true, false, [93, 112, 113, 128]], "104": [[4.6713818876336157, -2.2464635842747871], true, false, [94, 113, 129]],