{"0": [[0.0, 0.0], false, false, [1, 5, 25]], "1": [[1.0, 0.0], false, true, [0, 4, 19, 20]], "2": [[0.0, -2.0], false, true, [3, 21, 22, 24]], "3": [[0.0, -3.0], false, false, [2, 26, 27]], "4": [[2.1223349924711954, 0.84175124435339754], false, true, [1, 6, 29, 23]], "5": [[0.0, -0.76181339974730733], false, true, [0, 24]], "6": [[2.9557280447650989, 1.4667960335738259], false, true, [4, 7, 35]], "7": [[3.9356254233984087, 2.201719067548809], false, true, [6, 44, 43, 64]], "8": [[5.1299236039156622, 3.0974427029367502], false, true, [9, 64]], "9": [[5.9343033806225103, 3.7007275354668869], false, true, [8, 10]], "10": [[6.7343033806225101, 4.300727535466887], false, true, [9, 11, 75]], "11": [[7.5343033806225099, 4.9007275354668876], false, true, [10, 12, 87]], "12": [[8.3343033806225097, 5.5007275354668881], false, true, [11, 13, 130]], "13": [[9.1343033806225087, 6.1007275354668886], false, true, [12, 14, 116]], "14": [[9.9343033806225076, 6.7007275354668892], false, true, [13, 15, 131]], "15": [[10.734303380622507, 7.3007275354668897], false, true, [14, 16]], "16": [[11.534303380622505, 7.9007275354668902], false, true, [15, 17]], "17": [[12.334303380622504, 8.5007275354668916], false, true, [16, 18]], "18": [[13.134303380622503, 9.1007275354668931], false, true, [17]], "19": [[1.3770477066741487, -0.87431743110861693], true, false, [1, 23, 24, 21]], "20": [[0.93762003271218364, 0.97920667757072788], true, false, [1, 25, 29]], "21": [[1.0, -2.0], true, false, [2, 19, 26, 39]], "22": [[-1.0, -2.0], true, false, [2, 27, 28, 41]], "23": [[2.2953004852854741, -0.47832269052159859], true, false, [19, 4, 30]], "24": [[0.0, -1.468166599967154], false, false, [19, 5, 2]], "25": [[-0.060356984702672367, 0.91563095333774569], true, false, [20, 0, 31, 46]], "26": [[1.0, -3.0], true, false, [21, 32, 3]], "27": [[-1.0, -3.0], true, false, [22, 3, 33, 50]], "28": [[-1.0, -1.0], true, false, [22, 34, 53]], "29": [[1.5223349924711949, 1.6417512443533973], true, false, [4, 20, 35]], "30": [[2.6912952258724925, -1.3965754691329242], true, false, [23, 36, 49]], "31": [[-0.12393270893565456, 1.9136079707526017], true, false, [25, 37, 38, 59]], "32": [[2.0, -3.0], true, false, [26, 39]], "33": [[-2.0, -3.0], true, false, [27, 40, 41, 61]], "34": [[-2.0, -1.0], true, false, [28, 41, 42]], "35": [[2.3223349924711947, 2.2417512443533978], true, false, [29, 6, 43]], "36": [[3.609548004483818, -1.0005807285459059], true, false, [30, 45, 66]], "37": [[-1.1219097263505105, 1.8500322465196195], true, false, [31, 46, 47, 68]], "38": [[0.87404430847920145, 1.9771836949855839], true, false, [31, 48]], "39": [[2.0, -2.0], true, false, [32, 21, 49]], "40": [[-2.0, -4.0], true, false, [33, 50, 51]], "41": [[-2.0, -2.0], true, false, [33, 34, 22, 52]], "42": [[-2.0, 0.0], true, false, [34, 53, 57]], "43": [[3.0966159674557732, 2.8745932244534305], true, false, [35, 7, 54, 74]], "44": [[4.5356254233984092, 1.4017190675488094], true, false, [7, 55]], "45": [[4.0055427450708363, -1.9188335071572316], true, false, [36, 56, 49, 71]], "46": [[-1.0583340021175283, 0.8520552291047635], true, false, [37, 25, 57, 53]], "47": [[-1.1854854505834926, 2.8480092639344754], true, false, [37, 58, 59, 80]], "48": [[0.81046858424621926, 2.9751607124004398], true, false, [38, 59, 81, 86]], "49": [[3.0, -2.0], true, false, [39, 45, 60, 30]], "50": [[-1.0, -4.0], true, false, [40, 27]], "51": [[-3.0, -4.0], true, false, [40, 61, 83]], "52": [[-3.0, -2.0], true, false, [41, 61, 62, 84]], "53": [[-1.0, 0.0], true, false, [42, 46, 28]], "54": [[3.7222554357550877, 3.6547055597655644], true, false, [43, 63, 64, 156]], "55": [[3.7356254233984094, 0.80171906754880884], true, false, [44, 65]], "56": [[4.9237955236821618, -1.5228387665702132], true, false, [45, 66, 67]], "57": [[-2.0563110195323842, 0.78847950487178131], true, false, [46, 42, 68]], "58": [[-2.1834624679983485, 2.7844335397014932], true, false, [47, 68, 69, 92]], "59": [[-0.18750843316863663, 2.9115849881674576], true, false, [47, 48, 31, 70]], "60": [[3.0804574001317873, -2.9967580482564631], true, false, [49, 71]], "61": [[-3.0, -3.0], true, false, [51, 52, 33, 72]], "62": [[-3.0, -1.0], true, false, [52, 73, 100]], "63": [[2.9421431004429537, 4.2803450280648789], true, false, [54, 74]], "64": [[4.7615776895181217, 2.8211832671385944], false, false, [54, 8, 7]], "65": [[4.3356254233984099, 0.0017190675488092388], true, false, [55, 88]], "66": [[4.5278007830951434, -0.60458598795888763], true, false, [56, 36, 76]], "67": [[5.3197902642691801, -2.4410915451815387], true, false, [56, 77, 71, 95]], "68": [[-2.1198867437653663, 1.7864565222866373], true, false, [57, 58, 37, 78]], "69": [[-2.2470381922313307, 3.7824105571163491], true, false, [58, 79, 80]], "70": [[-0.25108415740161882, 3.9095620055823135], true, false, [59, 80, 81, 108]], "71": [[4.0772154483882499, -2.9163006481246758], true, false, [60, 67, 82, 45]], "72": [[-4.0, -3.0], true, false, [61, 83, 84, 111]], "73": [[-4.0, -1.0], true, false, [62, 84, 85, 113]], "74": [[2.3165036321436392, 3.500232692752745], true, false, [63, 43, 86, 101]], "75": [[6.1343033806225096, 5.1007275354668868], true, false, [10, 87]], "76": [[5.4460535617064689, -0.20859124737186929], true, false, [66, 88, 117]], "77": [[6.2380430428805056, -2.0450968045945204], true, false, [67, 89, 90, 118]], "78": [[-3.1178637611802222, 1.7228807980536551], true, false, [68, 91]], "79": [[-3.2450152096461866, 3.7188348328833669], true, false, [69, 92, 93, 120]], "80": [[-1.2490611748164748, 3.8459862813493313], true, false, [69, 70, 47]], "81": [[0.74689286001323718, 3.9731377298152957], true, false, [70, 94, 48]], "82": [[4.4344230639575768, -3.8503256581641692], true, false, [71, 95, 96]], "83": [[-4.0, -4.0], true, false, [72, 51, 97]], "84": [[-4.0, -2.0], true, false, [72, 73, 52]], "85": [[-4.0, 0.0], true, false, [73, 98, 99, 100]], "86": [[1.5363912968315052, 4.1258721610520599], true, false, [74, 48, 101]], "87": [[6.9343033806225094, 5.7007275354668874], true, false, [75, 11]], "88": [[5.0500588211194506, 0.7096615312394563], true, false, [76, 65, 102]], "89": [[7.1562958214918311, -1.649102064007502], true, false, [77, 103, 104, 133]], "90": [[6.6340377834675239, -2.9633495832058458], true, false, [77, 95]], "91": [[-3.05428803694724, 0.72490378063879912], true, false, [78, 98, 100]], "92": [[-3.1814394854132044, 2.720857815468511], true, false, [79, 58, 105, 112]], "93": [[-3.3085909338791688, 4.7168118502982228], true, false, [79, 106, 107, 136]], "94": [[0.68331713578025499, 4.9711147472301516], true, false, [81, 108, 101, 128]], "95": [[5.3684480739970706, -3.4931180425948423], true, false, [82, 90, 109, 67]], "96": [[3.500398053918083, -4.2075332737334961], true, false, [82]], "97": [[-5.0, -4.0], true, false, [83, 110, 111, 138]], "98": [[-4.0, 1.0], true, false, [85, 91, 112, 114, 126]], "99": [[-5.0, 0.0], true, false, [85, 113, 114, 141]], "100": [[-3.0, 0.0], true, false, [85, 91, 62]], "101": [[2.1620307651308197, 4.9059844963641934], true, false, [86, 94, 115, 74, 143]], "102": [[5.9683115997307761, 1.1056562718264746], true, false, [88, 117]], "103": [[6.7603010809048127, -0.73084928539617644], true, false, [89, 118, 119]], "104": [[7.5522905620788494, -2.5673548426188275], true, false, [89]], "105": [[-4.1794165028280608, 2.6572820912355288], true, false, [92, 112, 120, 140]], "106": [[-4.3065679512940251, 4.6532361260652406], true, false, [93, 120, 121]], "107": [[-2.3106139164643129, 4.780387574531205], true, false, [93, 122, 150]], "108": [[-0.31465988163460101, 4.9075390229971694], true, false, [94, 70, 123, 150]], "109": [[5.754577926325644, -4.4155624783961072], true, false, [95]], "110": [[-5.0, -5.0], true, false, [97, 124]], "111": [[-5.0, -3.0], true, false, [97, 125, 72]], "112": [[-3.720689170059853, 1.9602007395738383], true, false, [98, 105, 92, 126]], "113": [[-5.0, -1.0], true, false, [99, 73, 127]], "114": [[-5.0, 1.0], true, false, [99, 98, 153]],