{"0": [[0.0, 0.0], false, false, [1, 2, 73]], "1": [[1.0, 0.0], false, false, [0, 4, 5, 65]], "2": [[0.0, -2.0], false, false, [3, 0, 6]], "3": [[0.0, -3.0], false, false, [2, 10]], "4": [[1.9787988838176163, 0.73409916286321286], false, true, [1, 7, 43]], "5": [[1.740125555857446, -0.98683407447659377], false, true, [1, 8, 6, 43]], "6": [[0.9327429382168152, -2.0], false, true, [2, 5, 10, 8]], "7": [[2.9247452687645628, 1.4435589515734235], false, true, [4, 9, 44, 48]], "8": [[1.5669440859297579, -2.2592755603064205], false, true, [5, 10, 6]], "9": [[3.6714575311447781, 2.0035931483585854], false, true, [7, 11, 45, 46]], "10": [[0.81340676959780545, -3.0416050913789392], false, true, [8, 3, 6]], "11": [[4.4822726266497419, 2.6117044699873087], false, true, [9, 12, 49, 47]], "12": [[5.4422019287903574, 3.3316514465927711], false, false, [11, 13, 14, 52]], "13": [[6.5256091052914647, 4.1442068289686027], false, true, [12, 15, 57]], "14": [[6.4014570553244496, 2.0526446112139829], false, true, [12, 16, 50, 71]], "15": [[7.3256091052914645, 4.7442068289686032], false, true, [13, 17, 63, 64]], "16": [[7.0014570553244502, 1.2526446112139831], false, true, [14, 18, 36]], "17": [[8.1256091052914634, 5.3442068289686038], false, true, [15, 19]], "18": [[7.6014570553244507, 0.45264461121398347], false, true, [16, 20]], "19": [[8.9256091052914623, 5.9442068289686043], false, true, [17, 21, 72]], "20": [[8.2014570553244504, -0.34735538878601613], false, true, [18, 22]], "21": [[9.7256091052914613, 6.5442068289686048], false, true, [19, 23]], "22": [[8.80145705532445, -1.1473553887860162], false, false, [20, 24, 25]], "23": [[10.52560910529146, 7.1442068289686054], false, true, [21, 26]], "24": [[9.4014570553244496, -1.9473553887860162], false, true, [22, 27, 74]], "25": [[8.0014570553244493, -1.747355388786016], false, true, [22, 28, 74]], "26": [[11.325609105291459, 7.7442068289686059], false, true, [23, 29]], "27": [[10.001457055324449, -2.7473553887860165], false, true, [24, 30]], "28": [[7.2014570553244486, -2.3473553887860157], false, true, [25, 31, 75]], "29": [[12.125609105291458, 8.3442068289686073], false, true, [26, 32]], "30": [[10.601457055324449, -3.5473553887860167], false, true, [27, 33]], "31": [[6.4014570553244479, -2.9473553887860153], false, true, [28, 34, 31]], "32": [[12.925609105291457, 8.9442068289686087], false, true, [29]], "33": [[11.201457055324449, -4.347355388786017], false, true, [30, 35, 76]], "34": [[6.8154337750044993, -1.7413355494554197], false, true, [31, 36]], "35": [[11.801457055324448, -5.1473553887860177], false, true, [33, 37]], "36": [[7.0053703250169193, -0.43552140935564143], false, true, [34, 16]], "37": [[12.401457055324448, -5.9473553887860184], false, true, [35, 38]], "38": [[12.615103808806378, -6.7850262356795117], false, true, [37, 39]], "39": [[12.859815120748761, -8.1258613162355999], false, true, [38, 40]], "40": [[12.436479499000416, -9.4169582129679892], false, true, [39, 41]], "41": [[12.578272063354541, -10.259335805396395], false, true, [40, 42]], "42": [[13.299868917130418, -11.143117435083425], false, true, [41]], "43": [[2.5787988838176168, -0.06590083713678685], true, false, [4, 44, 5]], "44": [[3.3787988838176166, 0.53409916286321368], true, false, [43, 7, 45]], "45": [[4.2714575311447787, 1.2035931483585856], true, false, [9, 47, 44, 53]], "46": [[3.0714575311447776, 2.8035931483585852], true, false, [9, 48, 49, 55]], "47": [[5.0714575311447785, 1.8035931483585861], true, false, [45, 11, 50]], "48": [[2.2714575311447778, 2.2035931483585847], true, false, [46, 7, 51, 58]], "49": [[3.8714575311447774, 3.4035931483585857], true, false, [46, 11, 52, 61]], "50": [[5.671457531144779, 1.0035931483585865], true, false, [47, 14, 53]], "51": [[1.6714575311447772, 3.0035931483585845], true, false, [48, 54, 55, 66]], "52": [[4.6632738567134329, 4.0143524352818005], true, false, [49, 56, 12, 57]], "53": [[4.8714575311447792, 0.40359314835858595], true, false, [50, 45]], "54": [[0.87145753114477764, 2.403593148358584], true, false, [51, 58, 59, 70]], "55": [[2.4714575311447771, 3.603593148358585], true, false, [51, 60, 46]], "56": [[4.0525145697902181, 4.806168760850456], true, false, [52, 61, 62]], "57": [[5.9256091052914641, 4.9442068289686025], true, false, [13, 52, 62, 64]], "58": [[1.4714575311447782, 1.6035931483585844], true, false, [54, 48, 65]], "59": [[0.27145753114477711, 3.2035931483585838], true, false, [54, 66]], "60": [[1.8714575311447765, 4.4035931483585848], true, false, [55, 66, 67]], "61": [[3.2606982442215631, 4.1954094739272412], true, false, [56, 49, 67]], "62": [[4.8443308953588735, 5.4169280477736708], true, false, [56, 57]], "63": [[7.925609105291465, 3.9442068289686039], true, false, [15, 68]], "64": [[6.7256091052914639, 5.5442068289686031], true, false, [15, 57, 69]], "65": [[0.67145753114477857, 1.0035931483585838], true, false, [58, 1, 70]], "66": [[1.0714575311447767, 3.8035931483585843], true, false, [59, 60, 51]], "67": [[2.6714575311447764, 5.0035931483585854], true, false, [60, 61]], "68": [[7.1256091052914652, 3.3442068289686033], true, false, [63, 71]], "69": [[7.5256091052914638, 6.1442068289686036], true, false, [64]], "70": [[0.071457531144778041, 1.8035931483585834], true, false, [65, 73, 54]], "71": [[7.7256091052914657, 2.544206828968604], true, false, [68, 14]], "72": [[8.3256091052914609, 6.7442068289686041], true, false, [19]], "73": [[-0.72854246885522156, 1.2035931483585829], true, false, [70, 0]], "74": [[8.6014570553244489, -2.5473553887860163], true, false, [25, 24, 75]], "75": [[7.8014570553244482, -3.147355388786016], true, false, [74, 28]], "76": [[10.401457055324448, -4.9473553887860167], true, false, [33, 77]], "77": [[9.8014570553244482, -4.147355388786016], true, false, [76]]}