{"0": [[0.0, 0.0], false, false, [1, 5, 49, 58]], "1": [[1.0, 0.0], false, true, [0, 4, 41, 46]], "2": [[0.0, -2.0], false, true, [3, 5]], "3": [[0.0, -3.0], false, false, [2, 147]], "4": [[2.0802986740538536, 0.8102240055403912], false, true, [1, 6, 43, 229]], "5": [[0.0, -0.80878387003133678], false, true, [2, 0, 41, 44]], "6": [[3.2149407491702924, 1.6612055618777215], false, true, [4, 7, 47, 230]], "7": [[3.9882072753520297, 2.2411554565140253], false, true, [6, 8, 55]], "8": [[5.2235101614543593, 3.1676326210907737], false, true, [7, 9, 63, 128]], "9": [[5.9893535882820021, 3.7420151912115069], false, true, [8, 10]], "10": [[6.789353588282002, 4.3420151912115079], false, false, [9, 11, 12]], "11": [[7.5893535882820018, 4.9420151912115085], false, true, [10, 13]], "12": [[7.3893535882820025, 3.5420151912115085], false, false, [10, 14, 15, 111]], "13": [[8.3893535882820007, 5.542015191211509], false, true, [11, 16, 18]], "14": [[7.989353588282003, 2.7420151912115092], false, true, [12, 17, 96]], "15": [[8.1893535882820014, 4.1420151912115095], false, true, [12, 18]], "16": [[9.1893535882819997, 6.1420151912115095], false, true, [13, 19]], "17": [[8.5893535882820036, 1.9420151912115096], false, true, [14, 20, 110]], "18": [[8.9893535882820004, 4.7420151912115109], false, false, [15, 21, 13]], "19": [[9.9893535882819986, 6.7420151912115101], false, true, [16, 22]], "20": [[9.1893535882820032, 1.14201519121151], false, true, [17, 23]], "21": [[9.7893535882819993, 5.3420151912115124], false, true, [18, 24]], "22": [[10.789353588281998, 7.3420151912115106], false, true, [19, 25]], "23": [[9.7893535882820029, 0.34201519121150992], false, true, [20, 26]], "24": [[10.589353588281998, 5.9420151912115138], false, true, [21, 27]], "25": [[11.589353588281996, 7.9420151912115111], false, true, [22, 28, 30]], "26": [[10.389353588282003, -0.45798480878849024], false, true, [23, 29, 181]], "27": [[11.389353588281997, 6.5420151912115152], false, true, [24, 30]], "28": [[12.389353588281995, 8.5420151912115116], false, true, [25, 31]], "29": [[10.989353588282002, -1.2579848087884904], false, false, [26, 32, 33]], "30": [[12.189353588281996, 7.1420151912115166], false, true, [27, 34, 25]], "31": [[13.189353588281994, 9.1420151912115131], false, true, [28]], "32": [[11.589353588282002, -2.0579848087884907], false, true, [29, 35]], "33": [[11.789353588282003, -0.65798480878849064], false, true, [29, 36]], "34": [[12.989353588281995, 7.742015191211518], false, true, [30]], "35": [[12.189353588282001, -2.8579848087884909], false, true, [32, 37]], "36": [[12.589353588282004, -0.057984808788491105], false, true, [33, 38]], "37": [[12.789353588282001, -3.6579848087884912], false, true, [35, 39]], "38": [[13.389353588282004, 0.54201519121150832], false, true, [36]], "39": [[13.140715071128451, -4.9798441044888051], false, true, [37, 40]], "40": [[13.092143947506054, -6.048442629425641], false, false, [39]], "41": [[1.1783298205503687, -0.94055672648321043], true, false, [1, 42, 5]], "42": [[2.1608262163978131, -0.75427513279563785], true, false, [41, 45, 56]], "43": [[1.4802986740538531, 1.6102240055403909], true, false, [4, 46, 47, 59]], "44": [[-1.0, -0.80878387003133678], true, false, [5, 48, 49, 61]], "45": [[2.3471078100853857, -1.7367715286430823], true, false, [42, 50, 162]], "46": [[0.68029867405385336, 1.0102240055403904], true, false, [43, 1, 51]], "47": [[2.2802986740538529, 2.2102240055403914], true, false, [43, 52, 6, 55]], "48": [[-1.0, -1.8087838700313368], true, false, [44, 53]], "49": [[-1.0, 0.19121612996866322], true, false, [44, 54, 0]], "50": [[3.3296042059328301, -1.5504899349555097], true, false, [45, 56, 57, 70]], "51": [[0.080298674053852825, 1.8102240055403902], true, false, [46, 58, 59, 116]], "52": [[1.6802986740538524, 3.0102240055403913], true, false, [47, 59, 60, 72]], "53": [[-2.0, -1.8087838700313368], true, false, [48, 61]], "54": [[-2.0, 0.19121612996866322], true, false, [49, 61, 62]], "55": [[3.3882072753520291, 3.0411554565140246], true, false, [7, 47, 63, 60]], "56": [[3.1433226122452576, -0.56799353910806527], true, false, [50, 42]], "57": [[3.5158857996204027, -2.5329863308029541], true, false, [50, 64, 79]], "58": [[-0.71970132594614677, 1.2102240055403897], true, false, [51, 0, 65, 62]], "59": [[0.88029867405385276, 2.4102240055403907], true, false, [52, 51, 43]], "60": [[2.4802986740538522, 3.6102240055403918], true, false, [52, 66, 55, 69]], "61": [[-2.0, -0.80878387003133678], true, false, [53, 54, 44, 67]], "62": [[-2.0, 1.1912161299686632], true, false, [54, 68, 58, 65, 84]], "63": [[4.1882072753520285, 3.6411554565140252], true, false, [55, 69, 8, 85]], "64": [[4.4983821954678476, -2.3467047371153815], true, false, [57, 70, 71]], "65": [[-1.3197013259461472, 2.0102240055403895], true, false, [58, 62, 109]], "66": [[1.8802986740538516, 4.4102240055403916], true, false, [60, 72, 73, 90]], "67": [[-3.0, -0.80878387003133678], true, false, [61, 74, 92, 120]], "68": [[-3.0, 1.1912161299686632], true, false, [62, 74, 75, 93]], "69": [[3.588207275352028, 4.441155456514025], true, false, [63, 60, 76]], "70": [[4.3121006017802754, -1.3642083412679371], true, false, [64, 50, 77, 198, 214]], "71": [[4.6846637891554197, -3.3292011329628259], true, false, [64, 78, 79, 98]], "72": [[1.080298674053852, 3.8102240055403911], true, false, [66, 52, 80, 100]], "73": [[2.6802986740538515, 5.0102240055403922], true, false, [66, 81, 103]], "74": [[-3.0, 0.19121612996866322], true, false, [67, 68, 82]], "75": [[-3.0, 2.1912161299686632], true, false, [68, 83, 84, 108]], "76": [[4.3882072753520278, 5.0411554565140255], true, false, [69, 85]], "77": [[5.2945969976277194, -1.177926747580365], true, false, [70, 86]], "78": [[5.6671601850028637, -3.1429195392752538], true, false, [71, 87, 112]], "79": [[3.7021673933079753, -3.5154827266503981], true, false, [71, 88, 57]], "80": [[0.48029867405385152, 4.6102240055403909], true, false, [72, 89, 90, 118]], "81": [[2.0802986740538509, 5.810224005540392], true, false, [73, 91, 119]], "82": [[-4.0, 0.19121612996866322], true, false, [74, 92, 122]], "83": [[-4.0, 2.1912161299686632], true, false, [75, 93, 94, 123]], "84": [[-2.0, 2.1912161299686632], true, false, [75, 95, 62]], "85": [[4.9882072753520283, 4.2411554565140257], true, false, [76, 63]], "86": [[5.4808785913152915, -2.1604231434278094], true, false, [77, 97]], "87": [[5.8534417786904358, -4.1254159351226978], true, false, [78, 98, 130]], "88": [[3.8884489869955474, -4.497979122497842], true, false, [79, 99, 131]], "89": [[-0.31970132594614808, 4.0102240055403904], true, false, [80, 100, 101, 126]], "90": [[1.2802986740538511, 5.2102240055403914], true, false, [80, 102, 66]], "91": [[2.8802986740538508, 6.4102240055403925], true, false, [81, 103]], "92": [[-4.0, -0.80878387003133678], true, false, [82, 104, 67, 105]], "93": [[-4.0, 1.1912161299686632], true, false, [83, 68, 106]], "94": [[-4.0, 3.1912161299686632], true, false, [83, 107, 108, 140]], "95": [[-2.0, 3.1912161299686632], true, false, [84, 108, 109]], "96": [[7.1893535882820032, 2.1420151912115086], true, false, [14, 110, 111, 142]], "97": [[6.4633749871627355, -1.9741415497402373], true, false, [86, 112]], "98": [[4.8709453828429918, -4.3116975288102699], true, false, [87, 113, 71]], "99": [[2.905952591148103, -4.6842607161854142], true, false, [88, 114, 115, 146]], "100": [[0.28029867405385245, 3.2102240055403906], true, false, [89, 72, 116]], "101": [[-0.91970132594614862, 4.8102240055403902], true, false, [89, 117, 118, 148]], "102": [[0.68029867405385058, 6.0102240055403913], true, false, [90, 118, 119, 149]], "103": [[3.4802986740538513, 5.6102240055403927], true, false, [91, 73]], "104": [[-4.0, -1.8087838700313368], true, false, [92, 120, 121, 150]], "105": [[-5.0, -0.80878387003133678], true, false, [92, 121, 122, 151]], "106": [[-5.0, 1.1912161299686632], true, false, [93, 123, 152]], "107": [[-5.0, 3.1912161299686632], true, false, [94, 123, 124]],